Date,Open,High,Low,Close,Adj Close,Volume,var1(t-5),var1(t-4),var1(t-3),var1(t-2),var1(t-1),previous-close,movement
2015-12-31,107.01,107.03,104.82,105.26,98.66,40912300,,,,,,,down
2016-01-04,102.61,105.37,102.0,105.35,98.74,67649400,,,,,105.26,105.26,up
2016-01-05,105.75,105.85,102.41,102.71,96.27,55791000,,,,105.26,105.35,105.35,down
2016-01-06,100.56,102.37,99.87,100.7,94.38,68457400,,,105.26,105.35,102.71,102.71,down
2016-01-07,98.68,100.13,96.43,96.45,90.4,81094400,,105.26,105.35,102.71,100.7,100.7,down
2016-01-08,98.55,99.11,96.76,96.96,90.88,70798000,105.26,105.35,102.71,100.7,96.45,96.45,up
2016-01-11,98.97,99.06,97.34,98.53,92.35,49739400,105.35,102.71,100.7,96.45,96.96,96.96,up
2016-01-12,100.55,100.69,98.84,99.96,93.69,49154200,102.71,100.7,96.45,96.96,98.53,98.53,up
2016-01-13,100.32,101.19,97.3,97.39,91.28,62439600,100.7,96.45,96.96,98.53,99.96,99.96,down
2016-01-14,97.96,100.48,95.74,99.52,93.28,63170100,96.45,96.96,98.53,99.96,97.39,97.39,up
2016-01-15,96.2,97.71,95.36,97.13,91.04,79833900,96.96,98.53,99.96,97.39,99.52,99.52,down
2016-01-19,98.41,98.65,95.5,96.66,90.6,53087700,98.53,99.96,97.39,99.52,97.13,97.13,down
2016-01-20,95.1,98.19,93.42,96.79,90.72,72334400,99.96,97.39,99.52,97.13,96.66,96.66,up
2016-01-21,97.06,97.88,94.94,96.3,90.26,52161500,97.39,99.52,97.13,96.66,96.79,96.79,down
2016-01-22,98.63,101.46,98.37,101.42,95.06,65800500,99.52,97.13,96.66,96.79,96.3,96.3,up
2016-01-25,101.52,101.53,99.21,99.44,93.2,51794500,97.13,96.66,96.79,96.3,101.42,101.42,down
2016-01-26,99.93,100.88,98.07,99.99,93.72,75077000,96.66,96.79,96.3,101.42,99.44,99.44,up
2016-01-27,96.04,96.63,93.34,93.42,87.56,133369700,96.79,96.3,101.42,99.44,99.99,99.99,down
2016-01-28,93.79,94.52,92.39,94.09,88.19,55678800,96.3,101.42,99.44,99.99,93.42,93.42,up
2016-01-29,94.79,97.34,94.35,97.34,91.23,64416500,101.42,99.44,99.99,93.42,94.09,94.09,up
2016-02-01,96.47,96.71,95.4,96.43,90.38,40943500,99.44,99.99,93.42,94.09,97.34,97.34,down
2016-02-02,95.42,96.04,94.28,94.48,88.55,37357200,99.99,93.42,94.09,97.34,96.43,96.43,down
2016-02-03,95.0,96.84,94.08,96.35,90.31,45964300,93.42,94.09,97.34,96.43,94.48,94.48,up
2016-02-04,95.86,97.33,95.19,96.6,91.03,46471700,94.09,97.34,96.43,94.48,96.35,96.35,up
2016-02-05,96.52,96.92,93.69,94.02,88.6,46418100,97.34,96.43,94.48,96.35,96.6,96.6,down
2016-02-08,93.13,95.7,93.04,95.01,89.53,54021400,96.43,94.48,96.35,96.6,94.02,94.02,up
2016-02-09,94.29,95.94,93.93,94.99,89.52,44331200,94.48,96.35,96.6,94.02,95.01,95.01,down
2016-02-10,95.92,96.35,94.1,94.27,88.84,42343600,96.35,96.6,94.02,95.01,94.99,94.99,down
2016-02-11,93.79,94.72,92.59,93.7,88.3,50074700,96.6,94.02,95.01,94.99,94.27,94.27,down
2016-02-12,94.19,94.5,93.01,93.99,88.57,40351400,94.02,95.01,94.99,94.27,93.7,93.7,up
2016-02-16,95.02,96.85,94.61,96.64,91.07,49057900,95.01,94.99,94.27,93.7,93.99,93.99,up
2016-02-17,96.67,98.21,96.15,98.12,92.46,44863200,94.99,94.27,93.7,93.99,96.64,96.64,up
2016-02-18,98.84,98.89,96.09,96.26,90.71,39021000,94.27,93.7,93.99,96.64,98.12,98.12,down
2016-02-19,96.0,96.76,95.8,96.04,90.5,35374200,93.7,93.99,96.64,98.12,96.26,96.26,down
2016-02-22,96.31,96.9,95.92,96.88,91.3,34280800,93.99,96.64,98.12,96.26,96.04,96.04,up
2016-02-23,96.4,96.5,94.55,94.69,89.23,31942600,96.64,98.12,96.26,96.04,96.88,96.88,down
2016-02-24,93.98,96.38,93.32,96.1,90.56,36255700,98.12,96.26,96.04,96.88,94.69,94.69,up
2016-02-25,96.05,96.76,95.25,96.76,91.18,27582700,96.26,96.04,96.88,94.69,96.1,96.1,up
2016-02-26,97.2,98.02,96.58,96.91,91.32,28991100,96.04,96.88,94.69,96.1,96.76,96.76,up
2016-02-29,96.86,98.23,96.65,96.69,91.12,35216300,96.88,94.69,96.1,96.76,96.91,96.91,down
2016-03-01,97.65,100.77,97.42,100.53,94.74,50407100,94.69,96.1,96.76,96.91,96.69,96.69,up
2016-03-02,100.51,100.89,99.64,100.75,94.94,33169600,96.1,96.76,96.91,96.69,100.53,100.53,up
2016-03-03,100.58,101.71,100.45,101.5,95.65,36955700,96.76,96.91,96.69,100.53,100.75,100.75,up
2016-03-04,102.37,103.75,101.37,103.01,97.07,46055100,96.91,96.69,100.53,100.75,101.5,101.5,up
2016-03-07,102.39,102.83,100.96,101.87,96.0,35828900,96.69,100.53,100.75,101.5,103.01,103.01,down
2016-03-08,100.78,101.76,100.4,101.03,95.21,31561900,100.53,100.75,101.5,103.01,101.87,101.87,down
2016-03-09,101.31,101.58,100.27,101.12,95.29,27201700,100.75,101.5,103.01,101.87,101.03,101.03,up
2016-03-10,101.41,102.24,100.15,101.17,95.34,33513600,101.5,103.01,101.87,101.03,101.12,101.12,up
2016-03-11,102.24,102.28,101.5,102.26,96.37,27408200,103.01,101.87,101.03,101.12,101.17,101.17,up
2016-03-14,101.91,102.91,101.78,102.52,96.61,25076100,101.87,101.03,101.12,101.17,102.26,102.26,up
2016-03-15,103.96,105.18,103.85,104.58,98.55,40067700,101.03,101.12,101.17,102.26,102.52,102.52,up
2016-03-16,104.61,106.31,104.59,105.97,99.86,38303500,101.12,101.17,102.26,102.52,104.58,104.58,up
2016-03-17,105.52,106.47,104.96,105.8,99.7,34420700,101.17,102.26,102.52,104.58,105.97,105.97,down
2016-03-18,106.34,106.5,105.19,105.92,99.82,44205200,102.26,102.52,104.58,105.97,105.8,105.8,up
2016-03-21,105.93,107.65,105.14,105.91,99.81,35502700,102.52,104.58,105.97,105.8,105.92,105.92,down
2016-03-22,105.25,107.29,105.21,106.72,100.57,32444400,104.58,105.97,105.8,105.92,105.91,105.91,up
2016-03-23,106.48,107.07,105.9,106.13,100.01,25703500,105.97,105.8,105.92,105.91,106.72,106.72,down
2016-03-24,105.47,106.25,104.89,105.67,99.58,26133000,105.8,105.92,105.91,106.72,106.13,106.13,down
2016-03-28,106.0,106.19,105.06,105.19,99.13,19411400,105.92,105.91,106.72,106.13,105.67,105.67,down
2016-03-29,104.89,107.79,104.88,107.68,101.47,31190100,105.91,106.72,106.13,105.67,105.19,105.19,up
2016-03-30,108.65,110.42,108.6,109.56,103.25,45601100,106.72,106.13,105.67,105.19,107.68,107.68,up
2016-03-31,109.72,109.9,108.88,108.99,102.71,25888400,106.13,105.67,105.19,107.68,109.56,109.56,down
2016-04-01,108.78,110.0,108.2,109.99,103.65,25874000,105.67,105.19,107.68,109.56,108.99,108.99,up
2016-04-04,110.42,112.19,110.27,111.12,104.72,37356200,105.19,107.68,109.56,108.99,109.99,109.99,up
2016-04-05,109.51,110.73,109.42,109.81,103.48,26578700,107.68,109.56,108.99,109.99,111.12,111.12,down
2016-04-06,110.23,110.98,109.2,110.96,104.56,26404100,109.56,108.99,109.99,111.12,109.81,109.81,up
2016-04-07,109.95,110.42,108.12,108.54,102.28,31801900,108.99,109.99,111.12,109.81,110.96,110.96,down
2016-04-08,108.91,109.77,108.17,108.66,102.4,23581700,109.99,111.12,109.81,110.96,108.54,108.54,up
2016-04-11,108.97,110.61,108.83,109.02,102.74,29407500,111.12,109.81,110.96,108.54,108.66,108.66,up
2016-04-12,109.34,110.5,108.66,110.44,104.07,27232300,109.81,110.96,108.54,108.66,109.02,109.02,up
2016-04-13,110.8,112.34,110.8,112.04,105.58,33257300,110.96,108.54,108.66,109.02,110.44,110.44,up
2016-04-14,111.62,112.39,111.33,112.1,105.64,25473900,108.54,108.66,109.02,110.44,112.04,112.04,up
2016-04-15,112.11,112.3,109.73,109.85,103.52,46939000,108.66,109.02,110.44,112.04,112.1,112.1,down
2016-04-18,108.89,108.95,106.94,107.48,101.29,60821500,109.02,110.44,112.04,112.1,109.85,109.85,down
2016-04-19,107.88,108.0,106.23,106.91,100.75,32384900,110.44,112.04,112.1,109.85,107.48,107.48,down
2016-04-20,106.64,108.09,106.06,107.13,100.96,30611000,112.04,112.1,109.85,107.48,106.91,106.91,up
2016-04-21,106.93,106.93,105.52,105.97,99.86,31552500,112.1,109.85,107.48,106.91,107.13,107.13,down
2016-04-22,105.01,106.48,104.62,105.68,99.59,33683100,109.85,107.48,106.91,107.13,105.97,105.97,down
2016-04-25,105.0,105.65,104.51,105.08,99.02,28031600,107.48,106.91,107.13,105.97,105.68,105.68,down
2016-04-26,103.91,105.3,103.91,104.35,98.34,56016200,106.91,107.13,105.97,105.68,105.08,105.08,down
2016-04-27,96.0,98.71,95.68,97.82,92.18,114602100,107.13,105.97,105.68,105.08,104.35,104.35,down
2016-04-28,97.61,97.88,94.25,94.83,89.36,82242700,105.97,105.68,105.08,104.35,97.82,97.82,down
2016-04-29,93.99,94.72,92.51,93.74,88.34,68531500,105.68,105.08,104.35,97.82,94.83,94.83,down
2016-05-02,93.97,94.08,92.4,93.64,88.24,48160100,105.08,104.35,97.82,94.83,93.74,93.74,down
2016-05-03,94.2,95.74,93.68,95.18,89.69,56831300,104.35,97.82,94.83,93.74,93.64,93.64,up
2016-05-04,95.2,95.9,93.82,94.19,88.76,41025500,97.82,94.83,93.74,93.64,95.18,95.18,down
2016-05-05,94.0,94.07,92.68,93.24,88.4,35890500,94.83,93.74,93.64,95.18,94.19,94.19,down
2016-05-06,93.37,93.45,91.85,92.72,87.91,43699900,93.74,93.64,95.18,94.19,93.24,93.24,down
2016-05-09,93.0,93.77,92.59,92.79,87.97,32936400,93.64,95.18,94.19,93.24,92.72,92.72,up
2016-05-10,93.33,93.57,92.11,93.42,88.57,33686800,95.18,94.19,93.24,92.72,92.79,92.79,up
2016-05-11,93.48,93.57,92.46,92.51,87.71,28719100,94.19,93.24,92.72,92.79,93.42,93.42,down
2016-05-12,92.72,92.78,89.47,90.34,85.65,76314700,93.24,92.72,92.79,93.42,92.51,92.51,down
2016-05-13,90.0,91.67,90.0,90.52,85.82,44392800,92.72,92.79,93.42,92.51,90.34,90.34,up
2016-05-16,92.39,94.39,91.65,93.88,89.01,61259800,92.79,93.42,92.51,90.34,90.52,90.52,up
2016-05-17,94.55,94.7,93.01,93.49,88.64,46916900,93.42,92.51,90.34,90.52,93.88,93.88,down
2016-05-18,94.16,95.21,93.89,94.56,89.65,42062400,92.51,90.34,90.52,93.88,93.49,93.49,up
2016-05-19,94.64,94.64,93.57,94.2,89.31,30442100,90.34,90.52,93.88,93.49,94.56,94.56,down
2016-05-20,94.64,95.43,94.52,95.22,90.28,32026000,90.52,93.88,93.49,94.56,94.2,94.2,up
2016-05-23,95.87,97.19,95.67,96.43,91.43,38018600,93.88,93.49,94.56,94.2,95.22,95.22,up
2016-05-24,97.22,98.09,96.84,97.9,92.82,35140200,93.49,94.56,94.2,95.22,96.43,96.43,up
2016-05-25,98.67,99.74,98.11,99.62,94.45,38168800,94.56,94.2,95.22,96.43,97.9,97.9,up
2016-05-26,99.68,100.73,98.64,100.41,95.2,56331200,94.2,95.22,96.43,97.9,99.62,99.62,up
2016-05-27,99.44,100.47,99.25,100.35,95.14,36341200,95.22,96.43,97.9,99.62,100.41,100.41,down
2016-05-31,99.6,100.4,98.82,99.86,94.68,42307200,96.43,97.9,99.62,100.41,100.35,100.35,down
2016-06-01,99.02,99.54,98.33,98.46,93.35,29173300,97.9,99.62,100.41,100.35,99.86,99.86,down
2016-06-02,97.6,97.84,96.63,97.72,92.65,40191600,99.62,100.41,100.35,99.86,98.46,98.46,down
2016-06-03,97.79,98.27,97.45,97.92,92.84,28504900,100.41,100.35,99.86,98.46,97.72,97.72,up
2016-06-06,97.99,101.89,97.55,98.63,93.51,23292500,100.35,99.86,98.46,97.72,97.92,97.92,up
2016-06-07,99.25,99.87,98.96,99.03,93.89,22409500,99.86,98.46,97.72,97.92,98.63,98.63,up
2016-06-08,99.02,99.56,98.68,98.94,93.81,20848100,98.46,97.72,97.92,98.63,99.03,99.03,down
2016-06-09,98.5,99.99,98.46,99.65,94.48,26601400,97.72,97.92,98.63,99.03,98.94,98.94,up
2016-06-10,98.53,99.35,98.48,98.83,93.7,31712900,97.92,98.63,99.03,98.94,99.65,99.65,down
2016-06-13,98.69,99.12,97.1,97.34,92.29,38020500,98.63,99.03,98.94,99.65,98.83,98.83,down
2016-06-14,97.32,98.48,96.75,97.46,92.4,31931900,99.03,98.94,99.65,98.83,97.34,97.34,up
2016-06-15,97.82,98.41,97.03,97.14,92.1,29445200,98.94,99.65,98.83,97.34,97.46,97.46,down
2016-06-16,96.45,97.75,96.07,97.55,92.49,31326800,99.65,98.83,97.34,97.46,97.14,97.14,up
2016-06-17,96.62,96.65,95.3,95.33,90.38,61008200,98.83,97.34,97.46,97.14,97.55,97.55,down
2016-06-20,96.0,96.57,95.03,95.1,90.16,34411900,97.34,97.46,97.14,97.55,95.33,95.33,down
2016-06-21,94.94,96.35,94.68,95.91,90.93,35546400,97.46,97.14,97.55,95.33,95.1,95.1,up
2016-06-22,96.25,96.89,95.35,95.55,90.59,29219100,97.14,97.55,95.33,95.1,95.91,95.91,down
2016-06-23,95.94,96.29,95.25,96.1,91.11,32240200,97.55,95.33,95.1,95.91,95.55,95.55,up
2016-06-24,92.91,94.66,92.65,93.4,88.55,75311400,95.33,95.1,95.91,95.55,96.1,96.1,down
2016-06-27,93.0,93.05,91.5,92.04,87.26,45489600,95.1,95.91,95.55,96.1,93.4,93.4,down
2016-06-28,92.9,93.66,92.14,93.59,88.73,40444900,95.91,95.55,96.1,93.4,92.04,92.04,up
2016-06-29,93.97,94.55,93.63,94.4,89.5,36531000,95.55,96.1,93.4,92.04,93.59,93.59,up
2016-06-30,94.44,95.77,94.3,95.6,90.64,35836400,96.1,93.4,92.04,93.59,94.4,94.4,up
2016-07-01,95.49,96.47,95.33,95.89,90.91,26026500,93.4,92.04,93.59,94.4,95.6,95.6,up
2016-07-05,95.39,95.4,94.46,94.99,90.06,27705200,92.04,93.59,94.4,95.6,95.89,95.89,down
2016-07-06,94.6,95.66,94.37,95.53,90.57,30949100,93.59,94.4,95.6,95.89,94.99,94.99,up
2016-07-07,95.7,96.5,95.62,95.94,90.96,25139600,94.4,95.6,95.89,94.99,95.53,95.53,up
2016-07-08,96.49,96.89,96.05,96.68,91.66,28912100,95.6,95.89,94.99,95.53,95.94,95.94,up
2016-07-11,96.75,97.65,96.73,96.98,91.95,23794900,95.89,94.99,95.53,95.94,96.68,96.68,up
2016-07-12,97.17,97.7,97.12,97.42,92.36,24167500,94.99,95.53,95.94,96.68,96.98,96.98,up
2016-07-13,97.41,97.67,96.84,96.87,91.84,25892200,95.53,95.94,96.68,96.98,97.42,97.42,down
2016-07-14,97.39,98.99,97.32,98.79,93.66,38919000,95.94,96.68,96.98,97.42,96.87,96.87,up
2016-07-15,98.92,99.3,98.5,98.78,93.65,30137000,96.68,96.98,97.42,96.87,98.79,98.79,down
2016-07-18,98.7,100.13,98.6,99.83,94.65,36493900,96.98,97.42,96.87,98.79,98.78,98.78,up
2016-07-19,99.56,100.0,99.34,99.87,94.69,23779900,97.42,96.87,98.79,98.78,99.83,99.83,up
2016-07-20,100.0,100.46,99.74,99.96,94.77,26276000,96.87,98.79,98.78,99.83,99.87,99.87,up
2016-07-21,99.83,101.0,99.13,99.43,94.27,32702000,98.79,98.78,99.83,99.87,99.96,99.96,down
2016-07-22,99.26,99.3,98.31,98.66,93.54,28313700,98.78,99.83,99.87,99.96,99.43,99.43,down
2016-07-25,98.25,98.84,96.92,97.34,92.29,40382900,99.83,99.87,99.96,99.43,98.66,98.66,down
2016-07-26,96.82,97.97,96.42,96.67,91.65,56239800,99.87,99.96,99.43,98.66,97.34,97.34,down
2016-07-27,104.27,104.35,102.75,102.95,97.61,92344800,99.96,99.43,98.66,97.34,96.67,96.67,up
2016-07-28,102.83,104.45,102.82,104.34,98.92,39869800,99.43,98.66,97.34,96.67,102.95,102.95,up
2016-07-29,104.19,104.55,103.68,104.21,98.8,27733700,98.66,97.34,96.67,102.95,104.34,104.34,down
2016-08-01,104.41,106.15,104.41,106.05,100.55,38167900,97.34,96.67,102.95,104.34,104.21,104.21,up
2016-08-02,106.05,106.07,104.0,104.48,99.06,33816600,96.67,102.95,104.34,104.21,106.05,106.05,down
2016-08-03,104.81,105.84,104.77,105.79,100.3,30202600,102.95,104.34,104.21,106.05,104.48,104.48,up
2016-08-04,105.58,106.0,105.28,105.87,100.92,27408700,104.34,104.21,106.05,104.48,105.79,105.79,up
2016-08-05,106.27,107.65,106.18,107.48,102.45,40553400,104.21,106.05,104.48,105.79,105.87,105.87,up
2016-08-08,107.52,108.37,107.16,108.37,103.3,28037200,106.05,104.48,105.79,105.87,107.48,107.48,up
2016-08-09,108.23,108.94,108.01,108.81,103.72,26315200,104.48,105.79,105.87,107.48,108.37,108.37,up
2016-08-10,108.71,108.9,107.76,108.0,102.95,24008500,105.79,105.87,107.48,108.37,108.81,108.81,down
2016-08-11,108.52,108.93,107.85,107.93,102.88,27484500,105.87,107.48,108.37,108.81,108.0,108.0,down
2016-08-12,107.78,108.44,107.78,108.18,103.12,18660400,107.48,108.37,108.81,108.0,107.93,107.93,up
2016-08-15,108.14,109.54,108.08,109.48,104.36,25868200,108.37,108.81,108.0,107.93,108.18,108.18,up
2016-08-16,109.63,110.23,109.21,109.38,104.27,33794400,108.81,108.0,107.93,108.18,109.48,109.48,down
2016-08-17,109.1,109.37,108.34,109.22,104.11,25356000,108.0,107.93,108.18,109.48,109.38,109.38,down
2016-08-18,109.23,109.6,109.02,109.08,103.98,21984700,107.93,108.18,109.48,109.38,109.22,109.22,down
2016-08-19,108.77,109.69,108.36,109.36,104.25,25368100,108.18,109.48,109.38,109.22,109.08,109.08,up
2016-08-22,108.86,109.1,107.85,108.51,103.44,25820200,109.48,109.38,109.22,109.08,109.36,109.36,down
2016-08-23,108.59,109.32,108.53,108.85,103.76,21257700,109.38,109.22,109.08,109.36,108.51,108.51,up
2016-08-24,108.57,108.75,107.68,108.03,102.98,23675100,109.22,109.08,109.36,108.51,108.85,108.85,down
2016-08-25,107.39,107.88,106.68,107.57,102.54,25086200,109.08,109.36,108.51,108.85,108.03,108.03,down
2016-08-26,107.41,107.95,106.31,106.94,101.94,27766300,109.36,108.51,108.85,108.03,107.57,107.57,down
2016-08-29,106.62,107.44,106.29,106.82,101.82,24970300,108.51,108.85,108.03,107.57,106.94,106.94,down
2016-08-30,105.8,106.5,105.5,106.0,101.04,24863900,108.85,108.03,107.57,106.94,106.82,106.82,down
2016-08-31,105.66,106.57,105.64,106.1,101.14,29662400,108.03,107.57,106.94,106.82,106.0,106.0,up
2016-09-01,106.14,106.8,105.62,106.73,101.74,26701500,107.57,106.94,106.82,106.0,106.1,106.1,up
2016-09-02,107.7,108.0,106.82,107.73,102.69,26802500,106.94,106.82,106.0,106.1,106.73,106.73,up
2016-09-06,107.9,108.3,107.51,107.7,102.66,26880400,106.82,106.0,106.1,106.73,107.73,107.73,down
2016-09-07,107.83,108.76,107.07,108.36,103.29,42364300,106.0,106.1,106.73,107.73,107.7,107.7,up
2016-09-08,107.25,107.27,105.24,105.52,100.59,53002000,106.1,106.73,107.73,107.7,108.36,108.36,down
2016-09-09,104.64,105.72,103.13,103.13,98.31,46557000,106.73,107.73,107.7,108.36,105.52,105.52,down
2016-09-12,102.65,105.72,102.53,105.44,100.51,45292800,107.73,107.7,108.36,105.52,103.13,103.13,up
2016-09-13,107.51,108.79,107.24,107.95,102.9,62176200,107.7,108.36,105.52,103.13,105.44,105.44,up
2016-09-14,108.73,113.03,108.6,111.77,106.54,110888700,108.36,105.52,103.13,105.44,107.95,107.95,up
2016-09-15,113.86,115.73,113.49,115.57,110.17,89983600,105.52,103.13,105.44,107.95,111.77,111.77,up
2016-09-16,115.12,116.13,114.04,114.92,109.55,79886900,103.13,105.44,107.95,111.77,115.57,115.57,down
2016-09-19,115.19,116.18,113.25,113.58,108.27,47023000,105.44,107.95,111.77,115.57,114.92,114.92,down
2016-09-20,113.05,114.12,112.51,113.57,108.26,34514300,107.95,111.77,115.57,114.92,113.58,113.58,down
2016-09-21,113.85,113.99,112.44,113.55,108.24,36003200,111.77,115.57,114.92,113.58,113.57,113.57,down
2016-09-22,114.35,114.94,114.0,114.62,109.26,31074000,115.57,114.92,113.58,113.57,113.55,113.55,up
2016-09-23,114.42,114.79,111.55,112.71,107.44,52481200,114.92,113.58,113.57,113.55,114.62,114.62,down
2016-09-26,111.64,113.39,111.55,112.88,107.6,29869400,113.58,113.57,113.55,114.62,112.71,112.71,up
2016-09-27,113.0,113.18,112.34,113.09,107.8,24607400,113.57,113.55,114.62,112.71,112.88,112.88,up
2016-09-28,113.69,114.64,113.43,113.95,108.62,29641100,113.55,114.62,112.71,112.88,113.09,113.09,up
2016-09-29,113.16,113.8,111.8,112.18,106.93,35887000,114.62,112.71,112.88,113.09,113.95,113.95,down
2016-09-30,112.46,113.37,111.8,113.05,107.76,36379100,112.71,112.88,113.09,113.95,112.18,112.18,up
2016-10-03,112.71,113.05,112.28,112.52,107.26,21701800,112.88,113.09,113.95,112.18,113.05,113.05,down
2016-10-04,113.06,114.31,112.63,113.0,107.72,29736800,113.09,113.95,112.18,113.05,112.52,112.52,up
2016-10-05,113.4,113.66,112.69,113.05,107.76,21453100,113.95,112.18,113.05,112.52,113.0,113.0,up
2016-10-06,113.7,114.34,113.13,113.89,108.56,28779300,112.18,113.05,112.52,113.0,113.05,113.05,up
2016-10-07,114.31,114.56,113.51,114.06,108.73,24358400,113.05,112.52,113.0,113.05,113.89,113.89,up
2016-10-10,115.02,116.75,114.72,116.05,110.62,36236000,112.52,113.0,113.05,113.89,114.06,114.06,up
2016-10-11,117.7,118.69,116.2,116.3,110.86,64041000,113.0,113.05,113.89,114.06,116.05,116.05,up
2016-10-12,117.35,117.98,116.75,117.34,111.85,37586800,113.05,113.89,114.06,116.05,116.3,116.3,up
2016-10-13,116.79,117.44,115.72,116.98,111.51,35192400,113.89,114.06,116.05,116.3,117.34,117.34,down
2016-10-14,117.88,118.17,117.13,117.63,112.13,35652200,114.06,116.05,116.3,117.34,116.98,116.98,up
2016-10-17,117.33,117.84,116.78,117.55,112.05,23624900,116.05,116.3,117.34,116.98,117.63,117.63,down
2016-10-18,118.18,118.21,117.45,117.47,111.98,24553500,116.3,117.34,116.98,117.63,117.55,117.55,down
2016-10-19,117.25,117.76,113.8,117.12,111.64,20034600,117.34,116.98,117.63,117.55,117.47,117.47,down
2016-10-20,116.86,117.38,116.33,117.06,111.59,24125800,116.98,117.63,117.55,117.47,117.12,117.12,down
2016-10-21,116.81,116.91,116.28,116.6,111.15,23192700,117.63,117.55,117.47,117.12,117.06,117.06,down
2016-10-24,117.1,117.74,117.0,117.65,112.15,23538700,117.55,117.47,117.12,117.06,116.6,116.6,up
2016-10-25,117.95,118.36,117.31,118.25,112.72,48129000,117.47,117.12,117.06,116.6,117.65,117.65,up
2016-10-26,114.31,115.7,113.31,115.59,110.18,66134200,117.12,117.06,116.6,117.65,118.25,118.25,down
2016-10-27,115.39,115.86,114.1,114.48,109.13,34562000,117.06,116.6,117.65,118.25,115.59,115.59,down
2016-10-28,113.87,115.21,113.45,113.72,108.4,37861700,116.6,117.65,118.25,115.59,114.48,114.48,down
2016-10-31,113.65,114.23,113.2,113.54,108.23,26419400,117.65,118.25,115.59,114.48,113.72,113.72,down
2016-11-01,113.46,113.77,110.53,111.49,106.28,43825800,118.25,115.59,114.48,113.72,113.54,113.54,down
2016-11-02,111.4,112.35,111.23,111.59,106.37,28331700,115.59,114.48,113.72,113.54,111.49,111.49,up
2016-11-03,110.98,111.46,109.55,109.83,105.23,26932600,114.48,113.72,113.54,111.49,111.59,111.59,down
2016-11-04,108.53,110.25,108.11,108.84,104.28,30837000,113.72,113.54,111.49,111.59,109.83,109.83,down
2016-11-07,110.08,110.51,109.46,110.41,105.79,32560000,113.54,111.49,111.59,109.83,108.84,108.84,up
2016-11-08,110.31,111.72,109.7,111.06,106.41,24254200,111.49,111.59,109.83,108.84,110.41,110.41,up
2016-11-09,109.88,111.32,108.05,110.88,106.24,59176400,111.59,109.83,108.84,110.41,111.06,111.06,down
2016-11-10,111.09,111.09,105.83,107.79,103.28,57134500,109.83,108.84,110.41,111.06,110.88,110.88,down
2016-11-11,107.12,108.87,106.55,108.43,103.89,34143900,108.84,110.41,111.06,110.88,107.79,107.79,up
2016-11-14,107.71,107.81,104.08,105.71,101.28,51175500,110.41,111.06,110.88,107.79,108.43,108.43,down
2016-11-15,106.57,107.68,106.16,107.11,102.63,32264500,111.06,110.88,107.79,108.43,105.71,105.71,up
2016-11-16,106.7,110.23,106.6,109.99,105.38,58840500,110.88,107.79,108.43,105.71,107.11,107.11,up
2016-11-17,109.81,110.35,108.83,109.95,105.35,27632000,107.79,108.43,105.71,107.11,109.99,109.99,down
2016-11-18,109.72,110.54,109.66,110.06,105.45,28428900,108.43,105.71,107.11,109.99,109.95,109.95,up
2016-11-21,110.12,111.99,110.01,111.73,107.05,29264600,105.71,107.11,109.99,109.95,110.06,110.06,up
2016-11-22,111.95,112.42,111.4,111.8,107.12,25965500,107.11,109.99,109.95,110.06,111.73,111.73,up
2016-11-23,111.36,111.51,110.33,111.23,106.57,27426400,109.99,109.95,110.06,111.73,111.8,111.8,down
2016-11-25,111.13,111.87,110.95,111.79,107.11,11475900,109.95,110.06,111.73,111.8,111.23,111.23,up
2016-11-28,111.43,112.47,111.39,111.57,106.9,27194000,110.06,111.73,111.8,111.23,111.79,111.79,down
2016-11-29,110.78,112.03,110.07,111.46,106.79,28528800,111.73,111.8,111.23,111.79,111.57,111.57,down
2016-11-30,111.6,112.2,110.27,110.52,105.89,36162300,111.8,111.23,111.79,111.57,111.46,111.46,down
2016-12-01,110.37,110.94,109.03,109.49,104.91,37086900,111.23,111.79,111.57,111.46,110.52,110.52,down
2016-12-02,109.17,110.09,108.85,109.9,105.3,26528000,111.79,111.57,111.46,110.52,109.49,109.49,up
2016-12-05,110.0,110.03,108.25,109.11,104.54,34324500,111.57,111.46,110.52,109.49,109.9,109.9,down
2016-12-06,109.5,110.36,109.19,109.95,105.35,26195500,111.46,110.52,109.49,109.9,109.11,109.11,up
2016-12-07,109.26,111.19,109.16,111.03,106.38,29998700,110.52,109.49,109.9,109.11,109.95,109.95,up
2016-12-08,110.86,112.43,110.6,112.12,107.43,27068300,109.49,109.9,109.11,109.95,111.03,111.03,up
2016-12-09,112.31,114.7,112.31,113.95,109.18,34402600,109.9,109.11,109.95,111.03,112.12,112.12,up
2016-12-12,113.29,115.0,112.49,113.3,108.56,26374400,109.11,109.95,111.03,112.12,113.95,113.95,down
2016-12-13,113.84,115.92,113.75,115.19,110.37,43733800,109.95,111.03,112.12,113.95,113.3,113.3,up
2016-12-14,115.04,116.2,114.98,115.19,110.37,34031800,111.03,112.12,113.95,113.3,115.19,115.19,down
2016-12-15,115.38,116.73,115.23,115.82,110.97,46524500,112.12,113.95,113.3,115.19,115.19,115.19,up
2016-12-16,116.47,116.5,115.65,115.97,111.11,44351100,113.95,113.3,115.19,115.19,115.82,115.82,up
2016-12-19,115.8,117.38,115.75,116.64,111.76,27779400,113.3,115.19,115.19,115.82,115.97,115.97,up
2016-12-20,116.74,117.5,116.68,116.95,112.05,21425000,115.19,115.19,115.82,115.97,116.64,116.64,up
2016-12-21,116.8,117.4,116.78,117.06,112.16,23783200,115.19,115.82,115.97,116.64,116.95,116.95,up
2016-12-22,116.35,116.51,115.64,116.29,111.42,26085900,115.82,115.97,116.64,116.95,117.06,117.06,down
2016-12-23,115.59,116.52,115.59,116.52,111.64,14249500,115.97,116.64,116.95,117.06,116.29,116.29,up
2016-12-27,116.52,117.8,116.49,117.26,112.35,18296900,116.64,116.95,117.06,116.29,116.52,116.52,up
2016-12-28,117.52,118.02,116.2,116.76,111.87,20905900,116.95,117.06,116.29,116.52,117.26,117.26,down
2016-12-29,116.45,117.11,116.4,116.73,111.84,15039500,117.06,116.29,116.52,117.26,116.76,116.76,down
2016-12-30,116.65,117.2,115.43,115.82,110.97,30586300,116.29,116.52,117.26,116.76,116.73,116.73,down
2017-01-03,115.8,116.33,114.76,116.15,111.29,28781900,116.52,117.26,116.76,116.73,115.82,115.82,up
2017-01-04,115.85,116.51,115.75,116.02,111.16,21118100,117.26,116.76,116.73,115.82,116.15,116.15,down
2017-01-05,115.92,116.86,115.81,116.61,111.73,22193600,116.76,116.73,115.82,116.15,116.02,116.02,up
2017-01-06,116.78,118.16,116.47,117.91,112.97,31751900,116.73,115.82,116.15,116.02,116.61,116.61,up
2017-01-09,117.95,119.43,117.94,118.99,114.01,33561900,115.82,116.15,116.02,116.61,117.91,117.91,up
2017-01-10,118.77,119.38,118.3,119.11,114.12,24462100,116.15,116.02,116.61,117.91,118.99,118.99,up
2017-01-11,118.74,119.93,118.6,119.75,114.74,27588600,116.02,116.61,117.91,118.99,119.11,119.11,up
2017-01-12,118.9,119.3,118.21,119.25,114.26,27086200,116.61,117.91,118.99,119.11,119.75,119.75,down
2017-01-13,119.11,119.62,118.81,119.04,114.06,26111900,117.91,118.99,119.11,119.75,119.25,119.25,down
2017-01-17,118.34,120.24,118.22,120.0,114.98,34439800,118.99,119.11,119.75,119.25,119.04,119.04,up
2017-01-18,120.0,120.5,119.71,119.99,114.97,23713000,119.11,119.75,119.25,119.04,120.0,120.0,down
2017-01-19,119.4,120.09,119.37,119.78,114.77,25597300,119.75,119.25,119.04,120.0,119.99,119.99,down
2017-01-20,120.45,120.45,119.73,120.0,114.98,32597900,119.25,119.04,120.0,119.99,119.78,119.78,up
2017-01-23,120.0,120.81,119.77,120.08,115.05,22050200,119.04,120.0,119.99,119.78,120.0,120.0,up
2017-01-24,119.55,120.1,119.5,119.97,114.95,23211000,120.0,119.99,119.78,120.0,120.08,120.08,down
2017-01-25,120.42,122.1,120.28,121.88,116.78,32377600,119.99,119.78,120.0,120.08,119.97,119.97,up
2017-01-26,121.67,122.44,121.6,121.94,116.83,26337600,119.78,120.0,120.08,119.97,121.88,121.88,up
2017-01-27,122.14,122.35,121.6,121.95,116.84,20562900,120.0,120.08,119.97,121.88,121.94,121.94,up
2017-01-30,120.93,121.63,120.66,121.63,116.54,30377500,120.08,119.97,121.88,121.94,121.95,121.95,down
2017-01-31,121.15,121.39,120.62,121.35,116.27,49201000,119.97,121.88,121.94,121.95,121.63,121.63,down
2017-02-01,127.03,130.49,127.01,128.75,123.36,111985000,121.88,121.94,121.95,121.63,121.35,121.35,up
2017-02-02,127.98,129.39,127.78,128.53,123.15,33710400,121.94,121.95,121.63,121.35,128.75,128.75,down
2017-02-03,128.31,129.19,128.16,129.08,123.68,24507300,121.95,121.63,121.35,128.75,128.53,128.53,up
2017-02-06,129.13,130.5,128.9,130.29,124.83,26845900,121.63,121.35,128.75,128.53,129.08,129.08,up
2017-02-07,130.54,132.09,130.45,131.53,126.02,38183800,121.35,128.75,128.53,129.08,130.29,130.29,up
2017-02-08,131.35,132.22,131.22,132.04,126.51,23004100,128.75,128.53,129.08,130.29,131.53,131.53,up
2017-02-09,131.65,132.45,131.12,132.42,127.43,28349900,128.53,129.08,130.29,131.53,132.04,132.04,up
2017-02-10,132.46,132.94,132.05,132.12,127.14,20065500,129.08,130.29,131.53,132.04,132.42,132.42,down
2017-02-13,133.08,133.82,132.75,133.29,128.26,23035400,130.29,131.53,132.04,132.42,132.12,132.12,up
2017-02-14,133.47,135.09,133.25,135.02,129.93,33226200,131.53,132.04,132.42,132.12,133.29,133.29,up
2017-02-15,135.52,136.27,134.62,135.51,130.4,35623100,132.04,132.42,132.12,133.29,135.02,135.02,up
2017-02-16,135.67,135.9,134.84,135.35,130.25,22584600,132.42,132.12,133.29,135.02,135.51,135.51,down
2017-02-17,135.1,135.83,135.1,135.72,130.6,22198200,132.12,133.29,135.02,135.51,135.35,135.35,up
2017-02-21,136.23,136.75,135.98,136.7,131.54,24507200,133.29,135.02,135.51,135.35,135.72,135.72,up
2017-02-22,136.43,137.12,136.11,137.11,131.94,20836900,135.02,135.51,135.35,135.72,136.7,136.7,up
2017-02-23,137.38,137.48,136.3,136.53,131.38,20788200,135.51,135.35,135.72,136.7,137.11,137.11,down
2017-02-24,135.91,136.66,135.28,136.66,131.51,21776600,135.35,135.72,136.7,137.11,136.53,136.53,up
2017-02-27,137.14,137.44,136.28,136.93,131.77,20257400,135.72,136.7,137.11,136.53,136.66,136.66,up
2017-02-28,137.08,137.44,136.7,136.99,131.82,23482900,136.7,137.11,136.53,136.66,136.93,136.93,up
2017-03-01,137.89,140.15,137.6,139.79,134.52,36414600,137.11,136.53,136.66,136.93,136.99,136.99,up
2017-03-02,140.0,140.28,138.76,138.96,133.72,26211000,136.53,136.66,136.93,136.99,139.79,139.79,down
2017-03-03,138.78,139.83,138.59,139.78,134.51,21108100,136.66,136.93,136.99,139.79,138.96,138.96,up
2017-03-06,139.37,139.77,138.6,139.34,134.08,21750000,136.93,136.99,139.79,138.96,139.78,139.78,down
2017-03-07,139.06,139.98,138.79,139.52,134.26,17446300,136.99,139.79,138.96,139.78,139.34,139.34,up
2017-03-08,138.95,139.8,138.82,139.0,133.76,18707200,139.79,138.96,139.78,139.34,139.52,139.52,down
2017-03-09,138.74,138.79,137.05,138.68,133.45,22155900,138.96,139.78,139.34,139.52,139.0,139.0,down
2017-03-10,139.25,139.36,138.64,139.14,133.89,19612800,139.78,139.34,139.52,139.0,138.68,138.68,up
2017-03-13,138.85,139.43,138.82,139.2,133.95,17421700,139.34,139.52,139.0,138.68,139.14,139.14,up
2017-03-14,139.3,139.65,138.84,138.99,133.75,15309100,139.52,139.0,138.68,139.14,139.2,139.2,down
2017-03-15,139.41,140.75,139.03,140.46,135.16,25691800,139.0,138.68,139.14,139.2,138.99,138.99,up
2017-03-16,140.72,141.02,140.26,140.69,135.38,19232000,138.68,139.14,139.2,138.99,140.46,140.46,up
2017-03-17,141.0,141.0,139.89,139.99,134.71,43885000,139.14,139.2,138.99,140.46,140.69,140.69,down
2017-03-20,140.4,141.5,140.23,141.46,136.12,21542000,139.2,138.99,140.46,140.69,139.99,139.99,up
2017-03-21,142.11,142.8,139.73,139.84,134.57,39529900,138.99,140.46,140.69,139.99,141.46,141.46,down
2017-03-22,139.85,141.6,139.76,141.42,136.09,25860200,140.46,140.69,139.99,141.46,139.84,139.84,up
2017-03-23,141.26,141.58,140.61,140.92,135.61,20346300,140.69,139.99,141.46,139.84,141.42,141.42,down
2017-03-24,141.5,141.74,140.35,140.64,135.34,22395600,139.99,141.46,139.84,141.42,140.92,140.92,down
2017-03-27,139.39,141.22,138.62,140.88,135.57,23575100,141.46,139.84,141.42,140.92,140.64,140.64,up
2017-03-28,140.91,144.04,140.62,143.8,138.38,33374800,139.84,141.42,140.92,140.64,140.88,140.88,up
2017-03-29,143.68,144.49,143.19,144.12,138.68,29190000,141.42,140.92,140.64,140.88,143.8,143.8,up
2017-03-30,144.19,144.5,143.5,143.93,138.5,21207300,140.92,140.64,140.88,143.8,144.12,144.12,down
2017-03-31,143.72,144.27,143.01,143.66,138.24,19661700,140.64,140.88,143.8,144.12,143.93,143.93,down
2017-04-03,143.71,144.12,143.05,143.7,138.28,19985700,140.88,143.8,144.12,143.93,143.66,143.66,up
2017-04-04,143.25,144.89,143.17,144.77,139.31,19891400,143.8,144.12,143.93,143.66,143.7,143.7,up
2017-04-05,144.22,145.46,143.81,144.02,138.59,27717900,144.12,143.93,143.66,143.7,144.77,144.77,down
2017-04-06,144.29,144.52,143.45,143.66,138.24,21149000,143.93,143.66,143.7,144.77,144.02,144.02,down
2017-04-07,143.73,144.18,143.27,143.34,137.93,16672200,143.66,143.7,144.77,144.02,143.66,143.66,down
2017-04-10,143.6,143.88,142.9,143.17,137.77,18933400,143.7,144.77,144.02,143.66,143.34,143.34,down
2017-04-11,142.94,143.35,140.06,141.63,136.29,30379400,144.77,144.02,143.66,143.34,143.17,143.17,down
2017-04-12,141.6,142.15,141.01,141.8,136.45,20350000,144.02,143.66,143.34,143.17,141.63,141.63,up
2017-04-13,141.91,142.38,141.05,141.05,135.73,17822900,143.66,143.34,143.17,141.63,141.8,141.8,down
2017-04-17,141.48,141.88,140.87,141.83,136.48,16582100,143.34,143.17,141.63,141.8,141.05,141.05,up
2017-04-18,141.41,142.04,141.11,141.2,135.87,14697500,143.17,141.63,141.8,141.05,141.83,141.83,down
2017-04-19,141.88,142.0,140.45,140.68,135.37,17328400,141.63,141.8,141.05,141.83,141.2,141.2,down
2017-04-20,141.22,142.92,141.16,142.44,137.07,23319600,141.8,141.05,141.83,141.2,140.68,140.68,up
2017-04-21,142.44,142.68,141.85,142.27,136.9,17320900,141.05,141.83,141.2,140.68,142.44,142.44,down
2017-04-24,143.5,143.95,143.18,143.64,138.22,17134300,141.83,141.2,140.68,142.44,142.27,142.27,up
2017-04-25,143.91,144.9,143.87,144.53,139.08,18871500,141.2,140.68,142.44,142.27,143.64,143.64,up
2017-04-26,144.47,144.6,143.38,143.68,138.26,20041200,140.68,142.44,142.27,143.64,144.53,144.53,down
2017-04-27,143.92,144.16,143.31,143.79,138.37,14246300,142.44,142.27,143.64,144.53,143.68,143.68,up
2017-04-28,144.09,144.3,143.27,143.65,138.23,20860400,142.27,143.64,144.53,143.68,143.79,143.79,down
2017-05-01,145.1,147.2,144.96,146.58,141.05,33602900,143.64,144.53,143.68,143.79,143.65,143.65,up
2017-05-02,147.54,148.09,146.84,147.51,141.95,45352200,144.53,143.68,143.79,143.65,146.58,146.58,up
2017-05-03,145.59,147.49,144.27,147.06,141.51,45697000,143.68,143.79,143.65,146.58,147.51,147.51,down
2017-05-04,146.52,147.14,145.81,146.53,141.0,23371900,143.79,143.65,146.58,147.51,147.06,147.06,down
2017-05-05,146.76,148.98,146.76,148.96,143.34,27327700,143.65,146.58,147.51,147.06,146.53,146.53,up
2017-05-08,149.03,153.7,149.03,153.01,147.24,48752400,146.58,147.51,147.06,146.53,148.96,148.96,up
2017-05-09,153.87,154.88,153.45,153.99,148.18,39130400,147.51,147.06,146.53,148.96,153.01,153.01,up
2017-05-10,153.63,153.94,152.11,153.26,147.48,25805700,147.06,146.53,148.96,153.01,153.99,153.99,down
2017-05-11,152.45,154.07,152.31,153.95,148.76,27255100,146.53,148.96,153.01,153.99,153.26,153.26,up
2017-05-12,154.7,156.42,154.67,156.1,150.83,32527000,148.96,153.01,153.99,153.26,153.95,153.95,up
2017-05-15,156.01,156.65,155.05,155.7,150.45,26009700,153.01,153.99,153.26,153.95,156.1,156.1,down
2017-05-16,155.94,156.06,154.72,155.47,150.22,20048500,153.99,153.26,153.95,156.1,155.7,155.7,down
2017-05-17,153.6,154.57,149.71,150.25,145.18,50767700,153.26,153.95,156.1,155.7,155.47,155.47,down
2017-05-18,151.27,153.34,151.13,152.54,147.39,33568200,153.95,156.1,155.7,155.47,150.25,150.25,up
2017-05-19,153.38,153.98,152.63,153.06,147.9,26960800,156.1,155.7,155.47,150.25,152.54,152.54,up
2017-05-22,154.0,154.58,152.91,153.99,148.79,22966400,155.7,155.47,150.25,152.54,153.06,153.06,up
2017-05-23,154.9,154.9,153.31,153.8,148.61,19918900,155.47,150.25,152.54,153.06,153.99,153.99,down
2017-05-24,153.84,154.17,152.67,153.34,148.17,19178000,150.25,152.54,153.06,153.99,153.8,153.8,down
2017-05-25,153.73,154.35,153.03,153.87,148.68,19235600,152.54,153.06,153.99,153.8,153.34,153.34,up
2017-05-26,154.0,154.24,153.31,153.61,148.43,21927600,153.06,153.99,153.8,153.34,153.87,153.87,down
2017-05-30,153.42,154.43,153.33,153.67,148.48,20126900,153.99,153.8,153.34,153.87,153.61,153.61,up
2017-05-31,153.97,154.17,152.38,152.76,147.61,24451200,153.8,153.34,153.87,153.61,153.67,153.67,down
2017-06-01,153.17,153.33,152.22,153.18,148.01,16404100,153.34,153.87,153.61,153.67,152.76,152.76,up
2017-06-02,153.58,155.45,152.89,155.45,150.2,27770700,153.87,153.61,153.67,152.76,153.18,153.18,up
2017-06-05,154.34,154.45,153.46,153.93,148.74,25331700,153.61,153.67,152.76,153.18,155.45,155.45,down
2017-06-06,153.9,155.81,153.78,154.45,149.24,26624900,153.67,152.76,153.18,155.45,153.93,153.93,up
2017-06-07,155.02,155.98,154.48,155.37,150.13,21069600,152.76,153.18,155.45,153.93,154.45,154.45,up
2017-06-08,155.25,155.54,154.4,154.99,149.76,21250800,153.18,155.45,153.93,154.45,155.37,155.37,down
2017-06-09,155.19,155.19,146.02,148.98,143.95,64882700,155.45,153.93,154.45,155.37,154.99,154.99,down
2017-06-12,145.74,146.09,142.51,145.42,140.51,72307300,153.93,154.45,155.37,154.99,148.98,148.98,down
2017-06-13,147.16,147.45,145.15,146.59,141.64,34165400,154.45,155.37,154.99,148.98,145.42,145.42,up
2017-06-14,147.5,147.5,143.84,145.16,140.26,31531200,155.37,154.99,148.98,145.42,146.59,146.59,down
2017-06-15,143.32,144.48,142.21,144.29,139.42,32165400,154.99,148.98,145.42,146.59,145.16,145.16,down
2017-06-16,143.78,144.5,142.2,142.27,137.47,50361100,148.98,145.42,146.59,145.16,144.29,144.29,down
2017-06-19,143.66,146.74,143.66,146.34,141.4,32541400,145.42,146.59,145.16,144.29,142.27,142.27,up
2017-06-20,146.87,146.87,144.94,145.01,140.12,24900100,146.59,145.16,144.29,142.27,146.34,146.34,down
2017-06-21,145.52,146.07,144.61,145.87,140.95,21265800,145.16,144.29,142.27,146.34,145.01,145.01,up
2017-06-22,145.77,146.7,145.12,145.63,140.72,19106300,144.29,142.27,146.34,145.01,145.87,145.87,down
2017-06-23,145.13,147.16,145.11,146.28,141.34,35439400,142.27,146.34,145.01,145.87,145.63,145.63,up
2017-06-26,147.17,148.28,145.38,145.82,140.9,25692400,146.34,145.01,145.87,145.63,146.28,146.28,down
2017-06-27,145.01,146.16,143.62,143.73,138.88,24761900,145.01,145.87,145.63,146.28,145.82,145.82,down
2017-06-28,144.49,146.11,143.16,145.83,140.91,22082400,145.87,145.63,146.28,145.82,143.73,143.73,up
2017-06-29,144.71,145.13,142.28,143.68,138.83,31499400,145.63,146.28,145.82,143.73,145.83,145.83,down
2017-06-30,144.45,144.96,143.78,144.02,139.16,23024100,146.28,145.82,143.73,145.83,143.68,143.68,up
2017-07-03,144.88,145.3,143.1,143.5,138.66,14277800,145.82,143.73,145.83,143.68,144.02,144.02,down
2017-07-05,143.69,144.79,142.72,144.09,139.23,21569600,143.73,145.83,143.68,144.02,143.5,143.5,up
2017-07-06,143.02,143.5,142.41,142.73,137.91,24128800,145.83,143.68,144.02,143.5,144.09,144.09,down
2017-07-07,142.9,144.75,142.9,144.18,139.32,19201700,143.68,144.02,143.5,144.09,142.73,142.73,up
2017-07-10,144.11,145.95,143.37,145.06,140.17,21090600,144.02,143.5,144.09,142.73,144.18,144.18,up
2017-07-11,144.73,145.85,144.38,145.53,140.62,19781800,143.5,144.09,142.73,144.18,145.06,145.06,up
2017-07-12,145.87,146.18,144.82,145.74,140.82,24884500,144.09,142.73,144.18,145.06,145.53,145.53,up
2017-07-13,145.5,148.49,145.44,147.77,142.78,25199400,142.73,144.18,145.06,145.53,145.74,145.74,up
2017-07-14,147.97,149.33,147.33,149.04,144.01,20132100,144.18,145.06,145.53,145.74,147.77,147.77,up
2017-07-17,148.82,150.9,148.57,149.56,144.51,23793500,145.06,145.53,145.74,147.77,149.04,149.04,up
2017-07-18,149.2,150.13,148.67,150.08,145.02,17868800,145.53,145.74,147.77,149.04,149.56,149.56,up
2017-07-19,150.48,151.42,149.95,151.02,145.92,20923000,145.74,147.77,149.04,149.56,150.08,150.08,up
2017-07-20,151.5,151.74,150.19,150.34,145.27,17243700,147.77,149.04,149.56,150.08,151.02,151.02,down
2017-07-21,149.99,150.44,148.88,150.27,145.2,26252600,149.04,149.56,150.08,151.02,150.34,150.34,down
2017-07-24,150.58,152.44,149.9,152.09,146.96,21493200,149.56,150.08,151.02,150.34,150.27,150.27,up
2017-07-25,151.8,153.84,151.8,152.74,147.59,18853900,150.08,151.02,150.34,150.27,152.09,152.09,up
2017-07-26,153.35,153.93,153.06,153.46,148.28,15781000,151.02,150.34,150.27,152.09,152.74,152.74,up
2017-07-27,153.75,153.99,147.3,150.56,145.48,32476300,150.34,150.27,152.09,152.74,153.46,153.46,down
2017-07-28,149.89,150.23,149.19,149.5,144.46,17213700,150.27,152.09,152.74,153.46,150.56,150.56,down
2017-07-31,149.9,150.33,148.13,148.73,143.71,19845900,152.09,152.74,153.46,150.56,149.5,149.5,down
2017-08-01,149.1,150.22,148.41,150.05,144.99,35368600,152.74,153.46,150.56,149.5,148.73,148.73,up
2017-08-02,159.28,159.75,156.16,157.14,151.84,69936800,153.46,150.56,149.5,148.73,150.05,150.05,up
2017-08-03,157.05,157.21,155.02,155.57,150.32,27097300,150.56,149.5,148.73,150.05,157.14,157.14,down
2017-08-04,156.07,157.4,155.69,156.39,151.11,20559900,149.5,148.73,150.05,157.14,155.57,155.57,up
2017-08-07,157.06,158.92,156.67,158.81,153.45,21870300,148.73,150.05,157.14,155.57,156.39,156.39,up
2017-08-08,158.6,161.83,158.27,160.08,154.68,36205900,150.05,157.14,155.57,156.39,158.81,158.81,up
2017-08-09,159.26,161.27,159.11,161.06,155.63,26131500,157.14,155.57,156.39,158.81,160.08,160.08,up
2017-08-10,159.9,160.0,154.63,155.32,150.67,40804300,155.57,156.39,158.81,160.08,161.06,161.06,down
2017-08-11,156.6,158.57,156.07,157.48,152.76,26257100,156.39,158.81,160.08,161.06,155.32,155.32,up
2017-08-14,159.32,160.21,158.75,159.85,155.06,22122700,158.81,160.08,161.06,155.32,157.48,157.48,up
2017-08-15,160.66,162.2,160.14,161.6,156.76,29465500,160.08,161.06,155.32,157.48,159.85,159.85,up
2017-08-16,161.94,162.51,160.15,160.95,156.13,27671600,161.06,155.32,157.48,159.85,161.6,161.6,down
2017-08-17,160.52,160.71,157.84,157.86,153.13,27940600,155.32,157.48,159.85,161.6,160.95,160.95,down
2017-08-18,157.86,159.5,156.72,157.5,152.78,27428100,157.48,159.85,161.6,160.95,157.86,157.86,down
2017-08-21,157.5,157.89,155.11,157.21,152.5,26368500,159.85,161.6,160.95,157.86,157.5,157.5,down
2017-08-22,158.23,160.0,158.02,159.78,154.99,21604600,161.6,160.95,157.86,157.5,157.21,157.21,up
2017-08-23,159.07,160.47,158.88,159.98,155.19,19399100,160.95,157.86,157.5,157.21,159.78,159.78,up
2017-08-24,160.43,160.74,158.55,159.27,154.5,19818900,157.86,157.5,157.21,159.78,159.98,159.98,down
2017-08-25,159.65,160.56,159.27,159.86,155.07,25480100,157.5,157.21,159.78,159.98,159.27,159.27,up
2017-08-28,160.14,162.0,159.93,161.47,156.63,25966000,157.21,159.78,159.98,159.27,159.86,159.86,up
2017-08-29,160.1,163.12,160.0,162.91,158.03,29516900,159.78,159.98,159.27,159.86,161.47,161.47,up
2017-08-30,163.8,163.89,162.61,163.35,158.46,27269600,159.98,159.27,159.86,161.47,162.91,162.91,up
2017-08-31,163.64,164.52,163.48,164.0,159.09,26785100,159.27,159.86,161.47,162.91,163.35,163.35,up
2017-09-01,164.8,164.94,163.63,164.05,159.14,16591100,159.86,161.47,162.91,163.35,164.0,164.0,up
2017-09-05,163.75,164.25,160.56,162.08,157.23,29468500,161.47,162.91,163.35,164.0,164.05,164.05,down
2017-09-06,162.71,162.99,160.52,161.91,157.06,21651700,162.91,163.35,164.0,164.05,162.08,162.08,down
2017-09-07,162.09,162.24,160.36,161.26,156.43,21928500,163.35,164.0,164.05,162.08,161.91,161.91,down
2017-09-08,160.86,161.15,158.53,158.63,153.88,28611500,164.0,164.05,162.08,161.91,161.26,161.26,down
2017-09-11,160.5,162.05,159.89,161.5,156.66,31580800,164.05,162.08,161.91,161.26,158.63,158.63,up
2017-09-12,162.61,163.96,158.77,160.86,156.04,71714000,162.08,161.91,161.26,158.63,161.5,161.5,down
2017-09-13,159.87,159.96,157.91,159.65,154.87,44907400,161.91,161.26,158.63,161.5,160.86,160.86,down
2017-09-14,158.99,159.4,158.09,158.28,153.54,23760700,161.26,158.63,161.5,160.86,159.65,159.65,down
2017-09-15,158.47,160.97,158.0,159.88,155.09,49114600,158.63,161.5,160.86,159.65,158.28,158.28,up
2017-09-18,160.11,160.5,158.0,158.67,153.92,28269400,161.5,160.86,159.65,158.28,159.88,159.88,down
2017-09-19,159.51,159.77,158.44,158.73,153.98,20810600,160.86,159.65,158.28,159.88,158.67,158.67,up
2017-09-20,157.9,158.26,153.83,156.07,151.4,52951400,159.65,158.28,159.88,158.67,158.73,158.73,down
2017-09-21,155.8,155.8,152.75,153.39,148.8,37511700,158.28,159.88,158.67,158.73,156.07,156.07,down
2017-09-22,151.54,152.27,150.56,151.89,147.34,46645400,159.88,158.67,158.73,156.07,153.39,153.39,down
2017-09-25,149.99,151.83,149.16,150.55,146.04,44387300,158.67,158.73,156.07,153.39,151.89,151.89,down
2017-09-26,151.78,153.92,151.69,153.14,148.55,36660000,158.73,156.07,153.39,151.89,150.55,150.55,up
2017-09-27,153.8,154.72,153.54,154.23,149.61,25504200,156.07,153.39,151.89,150.55,153.14,153.14,up
2017-09-28,153.89,154.28,152.7,153.28,148.69,22005500,153.39,151.89,150.55,153.14,154.23,154.23,down
2017-09-29,153.21,154.13,152.0,154.12,149.5,26299800,151.89,150.55,153.14,154.23,153.28,153.28,up
2017-10-02,154.26,154.45,152.72,153.81,149.2,18698800,150.55,153.14,154.23,153.28,154.12,154.12,down
2017-10-03,154.01,155.09,153.91,154.48,149.85,16230300,153.14,154.23,153.28,154.12,153.81,153.81,up
2017-10-04,153.63,153.86,152.46,153.48,148.88,20163800,154.23,153.28,154.12,153.81,154.48,154.48,down
2017-10-05,154.18,155.44,154.05,155.39,150.74,21283800,153.28,154.12,153.81,154.48,153.48,153.48,up
2017-10-06,154.97,155.49,154.56,155.3,150.65,17407600,154.12,153.81,154.48,153.48,155.39,155.39,down
2017-10-09,155.81,156.73,155.49,155.84,151.17,16262900,153.81,154.48,153.48,155.39,155.3,155.3,up
2017-10-10,156.06,158.0,155.1,155.9,151.23,15617000,154.48,153.48,155.39,155.3,155.84,155.84,up
2017-10-11,155.97,156.98,155.75,156.55,151.86,16905600,153.48,155.39,155.3,155.84,155.9,155.9,up
2017-10-12,156.35,157.37,155.73,156.0,151.33,16125100,155.39,155.3,155.84,155.9,156.55,156.55,down
2017-10-13,156.73,157.28,156.41,156.99,152.29,16394200,155.3,155.84,155.9,156.55,156.0,156.0,up
2017-10-16,157.9,160.0,157.65,159.88,155.09,24121500,155.84,155.9,156.55,156.0,156.99,156.99,up
2017-10-17,159.78,160.87,159.23,160.47,155.66,18997300,155.9,156.55,156.0,156.99,159.88,159.88,up
2017-10-18,160.42,160.71,159.6,159.76,154.98,16374200,156.55,156.0,156.99,159.88,160.47,160.47,down
2017-10-19,156.75,157.08,155.02,155.98,151.31,42584200,156.0,156.99,159.88,160.47,159.76,159.76,down
2017-10-20,156.61,157.75,155.96,156.25,151.57,23974100,156.99,159.88,160.47,159.76,155.98,155.98,up
2017-10-23,156.89,157.69,155.5,156.17,151.49,21984300,159.88,160.47,159.76,155.98,156.25,156.25,down
2017-10-24,156.29,157.42,156.2,157.1,152.4,17757200,160.47,159.76,155.98,156.25,156.17,156.17,up
2017-10-25,156.91,157.55,155.27,156.41,151.73,21207100,159.76,155.98,156.25,156.17,157.1,157.1,down
2017-10-26,157.23,157.83,156.78,157.41,152.7,17000500,155.98,156.25,156.17,157.1,156.41,156.41,up
2017-10-27,159.29,163.6,158.7,163.05,158.17,44454200,156.25,156.17,157.1,156.41,157.41,157.41,up
2017-10-30,163.89,168.07,163.72,166.72,161.73,44700800,156.17,157.1,156.41,157.41,163.05,163.05,up
2017-10-31,167.9,169.65,166.94,169.04,163.98,36046800,157.1,156.41,157.41,163.05,166.72,166.72,up
2017-11-01,169.87,169.94,165.61,166.89,161.89,33637800,156.41,157.41,163.05,166.72,169.04,169.04,down
2017-11-02,166.6,168.5,165.28,168.11,163.08,41393400,157.41,163.05,166.72,169.04,166.89,166.89,up
2017-11-03,174.0,174.26,171.12,172.5,167.33,59398600,163.05,166.72,169.04,166.89,168.11,168.11,up
2017-11-06,172.37,174.99,171.72,174.25,169.03,35026300,166.72,169.04,166.89,168.11,172.5,172.5,up
2017-11-07,173.91,175.25,173.6,174.81,169.57,24361500,169.04,166.89,168.11,172.5,174.25,174.25,up
2017-11-08,174.66,176.24,174.33,176.24,170.96,24409500,166.89,168.11,172.5,174.25,174.81,174.81,up
2017-11-09,175.11,176.1,173.14,175.88,170.61,29482600,168.11,172.5,174.25,174.81,176.24,176.24,down
2017-11-10,175.11,175.38,174.27,174.67,170.05,25145500,172.5,174.25,174.81,176.24,175.88,175.88,down
2017-11-13,173.5,174.5,173.4,173.97,169.37,16982100,174.25,174.81,176.24,175.88,174.67,174.67,down
2017-11-14,173.04,173.48,171.18,171.34,166.81,24782500,174.81,176.24,175.88,174.67,173.97,173.97,down
2017-11-15,169.97,170.32,168.38,169.08,164.61,29158100,176.24,175.88,174.67,173.97,171.34,171.34,down
2017-11-16,171.18,171.87,170.3,171.1,166.57,23637500,175.88,174.67,173.97,171.34,169.08,169.08,up
2017-11-17,171.04,171.39,169.64,170.15,165.65,21899500,174.67,173.97,171.34,169.08,171.1,171.1,down
2017-11-20,170.29,170.56,169.56,169.98,165.48,16262400,173.97,171.34,169.08,171.1,170.15,170.15,down
2017-11-21,170.78,173.7,170.78,173.14,168.56,25131300,171.34,169.08,171.1,170.15,169.98,169.98,up
2017-11-22,173.36,175.0,173.05,174.96,170.33,25588900,169.08,171.1,170.15,169.98,173.14,173.14,up
2017-11-24,175.1,175.5,174.65,174.97,170.34,14026700,171.1,170.15,169.98,173.14,174.96,174.96,up
2017-11-27,175.05,175.08,173.34,174.09,169.48,20716800,170.15,169.98,173.14,174.96,174.97,174.97,down
2017-11-28,174.3,174.87,171.86,173.07,168.49,26428800,169.98,173.14,174.96,174.97,174.09,174.09,down
2017-11-29,172.63,172.92,167.16,169.48,165.0,41666400,173.14,174.96,174.97,174.09,173.07,173.07,down
2017-11-30,170.43,172.14,168.44,171.85,167.3,41527200,174.96,174.97,174.09,173.07,169.48,169.48,up
2017-12-01,169.95,171.67,168.5,171.05,166.52,39759300,174.97,174.09,173.07,169.48,171.85,171.85,down
2017-12-04,172.48,172.62,169.63,169.8,165.31,32542400,174.09,173.07,169.48,171.85,171.05,171.05,down
2017-12-05,169.06,171.52,168.4,169.64,165.15,27350200,173.07,169.48,171.85,171.05,169.8,169.8,down
2017-12-06,167.5,170.2,166.46,169.01,164.54,28560000,169.48,171.85,171.05,169.8,169.64,169.64,down
2017-12-07,169.03,170.44,168.91,169.32,164.84,25673300,171.85,171.05,169.8,169.64,169.01,169.01,up
2017-12-08,170.49,171.0,168.82,169.37,164.89,23355200,171.05,169.8,169.64,169.01,169.32,169.32,up
2017-12-11,169.2,172.89,168.79,172.67,168.1,35273800,169.8,169.64,169.01,169.32,169.37,169.37,up
2017-12-12,172.15,172.39,171.46,171.7,167.16,19409200,169.64,169.01,169.32,169.37,172.67,172.67,down
2017-12-13,172.5,173.54,172.0,172.27,167.71,23818400,169.01,169.32,169.37,172.67,171.7,171.7,up
2017-12-14,172.4,173.13,171.65,172.22,167.66,20476500,169.32,169.37,172.67,171.7,172.27,172.27,down
2017-12-15,173.63,174.17,172.46,173.97,169.37,40169300,169.37,172.67,171.7,172.27,172.22,172.22,up
2017-12-18,174.88,177.2,174.86,176.42,171.75,29421100,172.67,171.7,172.27,172.22,173.97,173.97,up
2017-12-19,175.03,175.39,174.09,174.54,169.92,27436400,171.7,172.27,172.22,173.97,176.42,176.42,down
2017-12-20,174.87,175.42,173.25,174.35,169.74,23475600,172.27,172.22,173.97,176.42,174.54,174.54,down
2017-12-21,174.17,176.02,174.1,175.01,170.38,20949900,172.22,173.97,176.42,174.54,174.35,174.35,up
2017-12-22,174.68,175.42,174.5,175.01,170.38,16349400,173.97,176.42,174.54,174.35,175.01,175.01,down
2017-12-26,170.8,171.47,169.68,170.57,166.06,33185500,176.42,174.54,174.35,175.01,175.01,175.01,down
2017-12-27,170.1,170.78,169.71,170.6,166.09,21498200,174.54,174.35,175.01,175.01,170.57,170.57,up
2017-12-28,171.0,171.85,170.48,171.08,166.55,16480200,174.35,175.01,175.01,170.57,170.6,170.6,up
2017-12-29,170.52,170.59,169.22,169.23,164.75,25999900,175.01,175.01,170.57,170.6,171.08,171.08,down
2018-01-02,170.16,172.3,169.26,172.26,167.7,25555900,175.01,170.57,170.6,171.08,169.23,169.23,up
2018-01-03,172.53,174.55,171.96,172.23,167.67,29517900,170.57,170.6,171.08,169.23,172.26,172.26,down
2018-01-04,172.54,173.47,172.08,173.03,168.45,22434600,170.6,171.08,169.23,172.26,172.23,172.23,up
2018-01-05,173.44,175.37,173.05,175.0,170.37,23660000,171.08,169.23,172.26,172.23,173.03,173.03,up
2018-01-08,174.35,175.61,173.93,174.35,169.74,20567800,169.23,172.26,172.23,173.03,175.0,175.0,down
2018-01-09,174.55,175.06,173.41,174.33,169.72,21584000,172.26,172.23,173.03,175.0,174.35,174.35,down
2018-01-10,173.16,174.3,173.0,174.29,169.68,23959900,172.23,173.03,175.0,174.35,174.33,174.33,down
2018-01-11,174.59,175.49,174.49,175.28,170.64,18667700,173.03,175.0,174.35,174.33,174.29,174.29,up
2018-01-12,176.18,177.36,175.65,177.09,172.4,25418100,175.0,174.35,174.33,174.29,175.28,175.28,up
2018-01-16,177.9,179.39,176.14,176.19,171.53,29565900,174.35,174.33,174.29,175.28,177.09,177.09,down
2018-01-17,176.15,179.25,175.07,179.1,174.36,34386800,174.33,174.29,175.28,177.09,176.19,176.19,up
2018-01-18,179.37,180.1,178.25,179.26,174.52,31193400,174.29,175.28,177.09,176.19,179.1,179.1,up
2018-01-19,178.61,179.58,177.41,178.46,173.74,32425100,175.28,177.09,176.19,179.1,179.26,179.26,down
2018-01-22,177.3,177.78,176.6,177.0,172.32,27108600,177.09,176.19,179.1,179.26,178.46,178.46,down
2018-01-23,177.3,179.44,176.82,177.04,172.36,32689100,176.19,179.1,179.26,178.46,177.0,177.0,up
2018-01-24,177.25,177.3,173.2,174.22,169.61,51105100,179.1,179.26,178.46,177.0,177.04,177.04,down
2018-01-25,174.51,174.95,170.53,171.11,166.58,41529000,179.26,178.46,177.0,177.04,174.22,174.22,down
2018-01-26,172.0,172.0,170.06,171.51,166.97,39143000,178.46,177.0,177.04,174.22,171.11,171.11,up
2018-01-29,170.16,170.16,167.07,167.96,163.52,50640400,177.0,177.04,174.22,171.11,171.51,171.51,down
2018-01-30,165.53,167.37,164.7,166.97,162.55,46048200,177.04,174.22,171.11,171.51,167.96,167.96,down
2018-01-31,166.87,168.44,166.5,167.43,163.0,32478900,174.22,171.11,171.51,167.96,166.97,166.97,up
2018-02-01,167.17,168.62,166.76,167.78,163.34,47230800,171.11,171.51,167.96,166.97,167.43,167.43,up
2018-02-02,166.0,166.8,160.1,160.5,156.25,86593800,171.51,167.96,166.97,167.43,167.78,167.78,down
2018-02-05,159.1,163.88,156.0,156.49,152.35,72738500,167.96,166.97,167.43,167.78,160.5,160.5,down
2018-02-06,154.83,163.72,154.0,163.03,158.72,68243800,166.97,167.43,167.78,160.5,156.49,156.49,up
2018-02-07,163.09,163.4,159.07,159.54,155.32,51608600,167.43,167.78,160.5,156.49,163.03,163.03,down
2018-02-08,160.29,161.0,155.03,155.15,151.04,54390500,167.78,160.5,156.49,163.03,159.54,159.54,down
2018-02-09,157.07,157.89,150.24,156.41,152.89,70672600,160.5,156.49,163.03,159.54,155.15,155.15,up
2018-02-12,158.5,163.89,157.51,162.71,159.05,60819500,156.49,163.03,159.54,155.15,156.41,156.41,up
2018-02-13,161.95,164.75,161.65,164.34,160.64,32549200,163.03,159.54,155.15,156.41,162.71,162.71,up
2018-02-14,163.04,167.54,162.88,167.37,163.61,40644900,159.54,155.15,156.41,162.71,164.34,164.34,up
2018-02-15,169.79,173.09,169.0,172.99,169.1,51147200,155.15,156.41,162.71,164.34,167.37,167.37,up
2018-02-16,172.36,174.82,171.77,172.43,168.55,40176100,156.41,162.71,164.34,167.37,172.99,172.99,down
2018-02-20,172.05,174.26,171.42,171.85,167.98,33930500,162.71,164.34,167.37,172.99,172.43,172.43,down
2018-02-21,172.83,174.12,171.01,171.07,167.22,37471600,164.34,167.37,172.99,172.43,171.85,171.85,down
2018-02-22,171.8,173.95,171.71,172.5,168.62,30991900,167.37,172.99,172.43,171.85,171.07,171.07,up
2018-02-23,173.67,175.65,173.54,175.5,171.55,33812400,172.99,172.43,171.85,171.07,172.5,172.5,up
2018-02-26,176.35,179.39,176.21,178.97,174.94,38162200,172.43,171.85,171.07,172.5,175.5,175.5,up
2018-02-27,179.1,180.48,178.16,178.39,174.38,38928100,171.85,171.07,172.5,175.5,178.97,178.97,down
2018-02-28,179.26,180.62,178.05,178.12,174.11,37782100,171.07,172.5,175.5,178.97,178.39,178.39,down
2018-03-01,178.54,179.78,172.66,175.0,171.06,48802000,172.5,175.5,178.97,178.39,178.12,178.12,down
2018-03-02,172.8,176.3,172.45,176.21,172.25,38454000,175.5,178.97,178.39,178.12,175.0,175.0,up
2018-03-05,175.21,177.74,174.52,176.82,172.84,28401400,178.97,178.39,178.12,175.0,176.21,176.21,up
2018-03-06,177.91,178.25,176.13,176.67,172.7,23788500,178.39,178.12,175.0,176.21,176.82,176.82,down
2018-03-07,174.94,175.85,174.27,175.03,171.09,31703500,178.12,175.0,176.21,176.82,176.67,176.67,down
2018-03-08,175.48,177.12,175.07,176.94,172.96,23774100,175.0,176.21,176.82,176.67,175.03,175.03,up
2018-03-09,177.96,180.0,177.39,179.98,175.93,32185200,176.21,176.82,176.67,175.03,176.94,176.94,up
2018-03-12,180.29,182.39,180.21,181.72,177.63,32207100,176.82,176.67,175.03,176.94,179.98,179.98,up
2018-03-13,182.59,183.5,179.24,179.97,175.92,31693500,176.67,175.03,176.94,179.98,181.72,181.72,down
2018-03-14,180.32,180.52,177.81,178.44,174.43,29368400,175.03,176.94,179.98,181.72,179.97,179.97,down
2018-03-15,178.5,180.24,178.07,178.65,174.63,22743800,176.94,179.98,181.72,179.97,178.44,178.44,up
2018-03-16,178.65,179.12,177.62,178.02,174.02,39404700,179.98,181.72,179.97,178.44,178.65,178.65,down
2018-03-19,177.32,177.47,173.66,175.3,171.36,33446800,181.72,179.97,178.44,178.65,178.02,178.02,down
2018-03-20,175.24,176.8,174.94,175.24,171.3,19649400,179.97,178.44,178.65,178.02,175.3,175.3,down
2018-03-21,175.04,175.09,171.26,171.27,167.42,37054900,178.44,178.65,178.02,175.3,175.24,175.24,down
2018-03-22,170.0,172.68,168.6,168.85,165.05,41490800,178.65,178.02,175.3,175.24,171.27,171.27,down
2018-03-23,168.39,169.92,164.94,164.94,161.23,41028800,178.02,175.3,175.24,171.27,168.85,168.85,down
2018-03-26,168.07,173.1,166.44,172.77,168.88,37541200,175.3,175.24,171.27,168.85,164.94,164.94,up
2018-03-27,173.68,175.15,166.92,168.34,164.55,40922600,175.24,171.27,168.85,164.94,172.77,172.77,down
2018-03-28,167.25,170.02,165.19,166.48,162.74,41668500,171.27,168.85,164.94,172.77,168.34,168.34,down
2018-03-29,167.81,171.75,166.9,167.78,164.01,38398500,168.85,164.94,172.77,168.34,166.48,166.48,up
2018-04-02,166.64,168.94,164.47,166.68,162.93,37586800,164.94,172.77,168.34,166.48,167.78,167.78,down
2018-04-03,167.64,168.75,164.88,168.39,164.6,30278000,172.77,168.34,166.48,167.78,166.68,166.68,up
2018-04-04,164.88,172.01,164.77,171.61,167.75,34605500,168.34,166.48,167.78,166.68,168.39,168.39,up
2018-04-05,172.58,174.23,172.08,172.8,168.91,26933200,166.48,167.78,166.68,168.39,171.61,171.61,up
2018-04-06,170.97,172.48,168.2,168.38,164.59,35005300,167.78,166.68,168.39,171.61,172.8,172.8,down
2018-04-09,169.88,173.09,169.85,170.05,166.23,29017700,166.68,168.39,171.61,172.8,168.38,168.38,up
2018-04-10,173.0,174.0,171.53,173.25,169.35,28408600,168.39,171.61,172.8,168.38,170.05,170.05,up
2018-04-11,172.23,173.92,171.7,172.44,168.56,22431600,171.61,172.8,168.38,170.05,173.25,173.25,down
2018-04-12,173.41,175.0,173.04,174.14,170.22,22889300,172.8,168.38,170.05,173.25,172.44,172.44,up
2018-04-13,174.78,175.84,173.85,174.73,170.8,25124300,168.38,170.05,173.25,172.44,174.14,174.14,up
2018-04-16,175.03,176.19,174.83,175.82,171.87,21578400,170.05,173.25,172.44,174.14,174.73,174.73,up
2018-04-17,176.49,178.94,176.41,178.24,174.23,26605400,173.25,172.44,174.14,174.73,175.82,175.82,up
2018-04-18,177.81,178.82,176.88,177.84,173.84,20754500,172.44,174.14,174.73,175.82,178.24,178.24,down
2018-04-19,173.76,175.39,172.66,172.8,168.91,34808800,174.14,174.73,175.82,178.24,177.84,177.84,down
2018-04-20,170.6,171.22,165.43,165.72,161.99,65491100,174.73,175.82,178.24,177.84,172.8,172.8,down
2018-04-23,166.83,166.92,164.09,165.24,161.52,36515500,175.82,178.24,177.84,172.8,165.72,165.72,down
2018-04-24,165.67,166.33,161.22,162.94,159.28,33692000,178.24,177.84,172.8,165.72,165.24,165.24,down
2018-04-25,162.62,165.42,162.41,163.65,159.97,28382100,177.84,172.8,165.72,165.24,162.94,162.94,up
2018-04-26,164.12,165.73,163.37,164.22,160.53,27963000,172.8,165.72,165.24,162.94,163.65,163.65,up
2018-04-27,164.0,164.33,160.63,162.32,158.67,35655800,165.72,165.24,162.94,163.65,164.22,164.22,down
2018-04-30,162.13,167.26,161.84,165.26,161.54,42427400,165.24,162.94,163.65,164.22,162.32,162.32,up
2018-05-01,166.41,169.2,165.27,169.1,165.3,53569400,162.94,163.65,164.22,162.32,165.26,165.26,up
2018-05-02,175.23,177.75,173.8,176.57,172.6,66539400,163.65,164.22,162.32,165.26,169.1,169.1,up
2018-05-03,175.88,177.5,174.44,176.89,172.91,34068200,164.22,162.32,165.26,169.1,176.57,176.57,up
2018-05-04,178.25,184.25,178.17,183.83,179.7,56201300,162.32,165.26,169.1,176.57,176.89,176.89,up
2018-05-07,185.18,187.67,184.75,185.16,181.0,42451400,165.26,169.1,176.57,176.89,183.83,183.83,up
2018-05-08,184.99,186.22,183.67,186.05,181.87,28402800,169.1,176.57,176.89,183.83,185.16,185.16,up
2018-05-09,186.55,187.4,185.22,187.36,183.15,23211200,176.57,176.89,183.83,185.16,186.05,186.05,up
2018-05-10,187.74,190.37,187.65,190.04,185.77,27989300,176.89,183.83,185.16,186.05,187.36,187.36,up
2018-05-11,189.49,190.06,187.45,188.59,185.06,26212200,183.83,185.16,186.05,187.36,190.04,190.04,down
2018-05-14,189.01,189.53,187.86,188.15,184.63,20778800,185.16,186.05,187.36,190.04,188.59,188.59,down
2018-05-15,186.78,187.07,185.1,186.44,182.95,23695200,186.05,187.36,190.04,188.59,188.15,188.15,down
2018-05-16,186.07,188.46,186.0,188.18,184.66,19183100,187.36,190.04,188.59,188.15,186.44,186.44,up
2018-05-17,188.0,188.91,186.36,186.99,183.49,17294000,190.04,188.59,188.15,186.44,188.18,188.18,down
2018-05-18,187.19,187.81,186.13,186.31,182.82,18297700,188.59,188.15,186.44,188.18,186.99,186.99,down
2018-05-21,188.0,189.27,186.91,187.63,184.12,18400800,188.15,186.44,188.18,186.99,186.31,186.31,up
2018-05-22,188.38,188.88,186.78,187.16,183.66,15240700,186.44,188.18,186.99,186.31,187.63,187.63,down
2018-05-23,186.35,188.5,185.76,188.36,184.83,20058400,188.18,186.99,186.31,187.63,187.16,187.16,up
2018-05-24,188.77,188.84,186.21,188.15,184.63,23234000,186.99,186.31,187.63,187.16,188.36,188.36,down
2018-05-25,188.23,189.65,187.65,188.58,185.05,17461000,186.31,187.63,187.16,188.36,188.15,188.15,up
2018-05-29,187.6,188.75,186.87,187.9,184.38,22514100,187.63,187.16,188.36,188.15,188.58,188.58,down
2018-05-30,187.72,188.0,186.78,187.5,183.99,18690500,187.16,188.36,188.15,188.58,187.9,187.9,down
2018-05-31,187.22,188.23,186.14,186.87,183.37,27482800,188.36,188.15,188.58,187.9,187.5,187.5,down
2018-06-01,187.99,190.26,187.75,190.24,186.68,23442500,188.15,188.58,187.9,187.5,186.87,186.87,up
2018-06-04,191.64,193.42,191.35,191.83,188.24,26266200,188.58,187.9,187.5,186.87,190.24,190.24,up
2018-06-05,193.07,193.94,192.36,193.31,189.69,21566000,187.9,187.5,186.87,190.24,191.83,191.83,up
2018-06-06,193.63,194.08,191.92,193.98,190.35,20933600,187.5,186.87,190.24,191.83,193.31,193.31,up
2018-06-07,194.14,194.2,192.34,193.46,189.84,21347200,186.87,190.24,191.83,193.31,193.98,193.98,down
2018-06-08,191.17,192.0,189.77,191.7,188.11,26656800,190.24,191.83,193.31,193.98,193.46,193.46,down
2018-06-11,191.35,191.97,190.21,191.23,187.65,18308500,191.83,193.31,193.98,193.46,191.7,191.7,down
2018-06-12,191.39,192.61,191.15,192.28,188.68,16911100,193.31,193.98,193.46,191.7,191.23,191.23,up
2018-06-13,192.42,192.88,190.44,190.7,187.13,21638400,193.98,193.46,191.7,191.23,192.28,192.28,down
2018-06-14,191.55,191.57,190.22,190.8,187.23,21610100,193.46,191.7,191.23,192.28,190.7,190.7,up
2018-06-15,190.03,190.16,188.26,188.84,185.3,61719200,191.7,191.23,192.28,190.7,190.8,190.8,down
2018-06-18,187.88,189.22,187.2,188.74,185.21,18484900,191.23,192.28,190.7,190.8,188.84,188.84,down
2018-06-19,185.14,186.33,183.45,185.69,182.21,33578500,192.28,190.7,190.8,188.84,188.74,188.74,down
2018-06-20,186.35,187.2,185.73,186.5,183.01,20628700,190.7,190.8,188.84,188.74,185.69,185.69,up
2018-06-21,187.25,188.35,184.94,185.46,181.99,25711900,190.8,188.84,188.74,185.69,186.5,186.5,down
2018-06-22,186.12,186.15,184.7,184.92,181.46,27200400,188.84,188.74,185.69,186.5,185.46,185.46,down
2018-06-25,183.4,184.92,180.73,182.17,178.76,31663100,188.74,185.69,186.5,185.46,184.92,184.92,down
2018-06-26,182.99,186.53,182.54,184.43,180.98,24569200,185.69,186.5,185.46,184.92,182.17,182.17,up
2018-06-27,185.23,187.28,184.03,184.16,180.71,25285300,186.5,185.46,184.92,182.17,184.43,184.43,down
2018-06-28,184.1,186.21,183.8,185.5,182.03,17365200,185.46,184.92,182.17,184.43,184.16,184.16,up
2018-06-29,186.29,187.19,182.91,185.11,181.64,22737700,184.92,182.17,184.43,184.16,185.5,185.5,down
2018-07-02,183.82,187.3,183.42,187.18,183.68,17731300,182.17,184.43,184.16,185.5,185.11,185.11,up
2018-07-03,187.79,187.95,183.54,183.92,180.48,13954800,184.43,184.16,185.5,185.11,187.18,187.18,down
2018-07-05,185.26,186.41,184.28,185.4,181.93,16604200,184.16,185.5,185.11,187.18,183.92,183.92,up
2018-07-06,185.42,188.43,185.2,187.97,184.45,17485200,185.5,185.11,187.18,183.92,185.4,185.4,up
2018-07-09,189.5,190.68,189.3,190.58,187.01,19756600,185.11,187.18,183.92,185.4,187.97,187.97,up
2018-07-10,190.71,191.28,190.18,190.35,186.79,15939100,187.18,183.92,185.4,187.97,190.58,190.58,down
2018-07-11,188.5,189.78,187.61,187.88,184.36,18831500,183.92,185.4,187.97,190.58,190.35,190.35,down
2018-07-12,189.53,191.41,189.31,191.03,187.45,18041100,185.4,187.97,190.58,190.35,187.88,187.88,up
2018-07-13,191.08,191.84,190.9,191.33,187.75,12513900,187.97,190.58,190.35,187.88,191.03,191.03,up
2018-07-16,191.52,192.65,190.42,190.91,187.34,15043100,190.58,190.35,187.88,191.03,191.33,191.33,down
2018-07-17,189.75,191.87,189.2,191.45,187.87,15534500,190.35,187.88,191.03,191.33,190.91,190.91,up
2018-07-18,191.78,191.8,189.93,190.4,186.84,16393400,187.88,191.03,191.33,190.91,191.45,191.45,down
2018-07-19,189.69,192.55,189.69,191.88,188.29,20286800,191.03,191.33,190.91,191.45,190.4,190.4,up
2018-07-20,191.78,192.43,190.17,191.44,187.86,20676200,191.33,190.91,191.45,190.4,191.88,191.88,down
2018-07-23,190.68,191.96,189.56,191.61,188.02,15989400,190.91,191.45,190.4,191.88,191.44,191.44,up
2018-07-24,192.45,193.66,192.05,193.0,189.39,18697900,191.45,190.4,191.88,191.44,191.61,191.61,up
2018-07-25,193.06,194.85,192.43,194.82,191.17,16709900,190.4,191.88,191.44,191.61,193.0,193.0,up
2018-07-26,194.61,195.96,193.61,194.21,190.57,19076000,191.88,191.44,191.61,193.0,194.82,194.82,down
2018-07-27,194.99,195.19,190.1,190.98,187.4,24024000,191.44,191.61,193.0,194.82,194.21,194.21,down
2018-07-30,191.9,192.2,189.07,189.91,186.35,21029500,191.61,193.0,194.82,194.21,190.98,190.98,down
2018-07-31,190.3,192.14,189.34,190.29,186.73,39373000,193.0,194.82,194.21,190.98,189.91,189.91,up
2018-08-01,199.13,201.76,197.31,201.5,197.73,67935700,194.82,194.21,190.98,189.91,190.29,190.29,up
2018-08-02,200.58,208.38,200.35,207.39,203.51,62404000,194.21,190.98,189.91,190.29,201.5,201.5,up
2018-08-03,207.03,208.74,205.48,207.99,204.1,33447400,190.98,189.91,190.29,201.5,207.39,207.39,up
2018-08-06,208.0,209.25,207.07,209.07,205.16,25425400,189.91,190.29,201.5,207.39,207.99,207.99,up
2018-08-07,209.32,209.5,206.76,207.11,203.23,25587400,190.29,201.5,207.39,207.99,209.07,209.07,down
2018-08-08,206.05,207.81,204.52,207.25,203.37,22525500,201.5,207.39,207.99,209.07,207.11,207.11,up
2018-08-09,209.53,209.78,207.2,208.88,204.97,23492600,207.39,207.99,209.07,207.11,207.25,207.25,up
2018-08-10,207.36,209.1,206.67,207.53,204.36,24611200,207.99,209.07,207.11,207.25,208.88,208.88,down
2018-08-13,209.31,210.95,207.7,208.87,205.68,25890900,209.07,207.11,207.25,208.88,207.53,207.53,up
2018-08-14,210.16,210.56,208.26,209.75,206.54,20748000,207.11,207.25,208.88,207.53,208.87,208.87,up
2018-08-15,209.22,210.74,208.33,210.24,207.03,28807600,207.25,208.88,207.53,208.87,209.75,209.75,up
2018-08-16,211.75,213.81,211.47,213.32,210.06,28500400,208.88,207.53,208.87,209.75,210.24,210.24,up
2018-08-17,213.44,217.95,213.16,217.58,214.26,35427000,207.53,208.87,209.75,210.24,213.32,213.32,up
2018-08-20,218.1,219.18,215.11,215.46,212.17,30287700,208.87,209.75,210.24,213.32,217.58,217.58,down
2018-08-21,216.8,217.19,214.03,215.04,211.75,26159800,209.75,210.24,213.32,217.58,215.46,215.46,down
2018-08-22,214.1,216.36,213.84,215.05,211.76,19018100,210.24,213.32,217.58,215.46,215.04,215.04,up
2018-08-23,214.65,217.05,214.6,215.49,212.2,18883200,213.32,217.58,215.46,215.04,215.05,215.05,up
2018-08-24,216.6,216.9,215.11,216.16,212.86,18476400,217.58,215.46,215.04,215.05,215.49,215.49,up
2018-08-27,217.15,218.74,216.33,217.94,214.61,20525100,215.46,215.04,215.05,215.49,216.16,216.16,up
2018-08-28,219.01,220.54,218.92,219.7,216.34,22776800,215.04,215.05,215.49,216.16,217.94,217.94,up
2018-08-29,220.15,223.49,219.41,222.98,219.57,27254800,215.05,215.49,216.16,217.94,219.7,219.7,up
2018-08-30,223.25,228.26,222.4,225.03,221.59,48793800,215.49,216.16,217.94,219.7,222.98,222.98,up
2018-08-31,226.51,228.87,226.0,227.63,224.15,43340100,216.16,217.94,219.7,222.98,225.03,225.03,up
2018-09-04,228.41,229.18,226.63,228.36,224.87,27390100,217.94,219.7,222.98,225.03,227.63,227.63,up
2018-09-05,228.99,229.67,225.1,226.87,223.4,33333000,219.7,222.98,225.03,227.63,228.36,228.36,down
2018-09-06,226.23,227.35,221.3,223.1,219.69,34290000,222.98,225.03,227.63,228.36,226.87,226.87,down
2018-09-07,221.85,225.37,220.71,221.3,217.92,37619800,225.03,227.63,228.36,226.87,223.1,223.1,down
2018-09-10,220.95,221.85,216.47,218.33,214.99,39516500,227.63,228.36,226.87,223.1,221.3,221.3,down
2018-09-11,218.01,224.3,216.56,223.85,220.43,35749000,228.36,226.87,223.1,221.3,218.33,218.33,up
2018-09-12,224.94,225.0,219.84,221.07,217.69,49278700,226.87,223.1,221.3,218.33,223.85,223.85,down
2018-09-13,223.52,228.35,222.57,226.41,222.95,41706400,223.1,221.3,218.33,223.85,221.07,221.07,up
2018-09-14,225.75,226.84,222.52,223.84,220.42,31999300,221.3,218.33,223.85,221.07,226.41,226.41,down
2018-09-17,222.15,222.95,217.27,217.88,214.55,37195100,218.33,223.85,221.07,226.41,223.84,223.84,down
2018-09-18,217.79,221.85,217.12,218.24,214.91,31571700,223.85,221.07,226.41,223.84,217.88,217.88,up
2018-09-19,218.5,219.62,215.3,218.37,215.03,27123800,221.07,226.41,223.84,217.88,218.24,218.24,up
2018-09-20,220.24,222.28,219.15,220.03,216.67,26608800,226.41,223.84,217.88,218.24,218.37,218.37,up
2018-09-21,220.78,221.36,217.29,217.66,214.33,96246700,223.84,217.88,218.24,218.37,220.03,220.03,down
2018-09-24,216.82,221.26,216.63,220.79,217.42,27693400,217.88,218.24,218.37,220.03,217.66,217.66,up
2018-09-25,219.75,222.82,219.7,222.19,218.79,24554400,218.24,218.37,220.03,217.66,220.79,220.79,up
2018-09-26,221.0,223.75,219.76,220.42,217.05,23984700,218.37,220.03,217.66,220.79,222.19,222.19,down
2018-09-27,223.82,226.44,223.54,224.95,221.51,30181200,220.03,217.66,220.79,222.19,220.42,220.42,up
2018-09-28,224.79,225.84,224.02,225.74,222.29,22929400,217.66,220.79,222.19,220.42,224.95,224.95,up
2018-10-01,227.95,229.42,226.35,227.26,223.79,23600800,220.79,222.19,220.42,224.95,225.74,225.74,up
2018-10-02,227.25,230.0,226.63,229.28,225.78,24788200,222.19,220.42,224.95,225.74,227.26,227.26,up
2018-10-03,230.05,233.47,229.78,232.07,228.52,28654800,220.42,224.95,225.74,227.26,229.28,229.28,up
2018-10-04,230.78,232.35,226.73,227.99,224.51,32042000,224.95,225.74,227.26,229.28,232.07,232.07,down
2018-10-05,227.96,228.41,220.58,224.29,220.86,33580500,225.74,227.26,229.28,232.07,227.99,227.99,down
2018-10-08,222.21,224.8,220.2,223.77,220.35,29663900,227.26,229.28,232.07,227.99,224.29,224.29,down
2018-10-09,223.64,227.27,222.25,226.87,223.4,26891000,229.28,232.07,227.99,224.29,223.77,223.77,up
2018-10-10,225.46,226.35,216.05,216.36,213.05,41990600,232.07,227.99,224.29,223.77,226.87,226.87,down
2018-10-11,214.52,219.5,212.32,214.45,211.17,53124400,227.99,224.29,223.77,226.87,216.36,216.36,down
2018-10-12,220.42,222.88,216.84,222.11,218.72,40337900,224.29,223.77,226.87,216.36,214.45,214.45,up
2018-10-15,221.16,221.83,217.27,217.36,214.04,30791000,223.77,226.87,216.36,214.45,222.11,222.11,down
2018-10-16,218.93,222.99,216.76,222.15,218.76,29184000,226.87,216.36,214.45,222.11,217.36,217.36,up
2018-10-17,222.3,222.64,219.34,221.19,217.81,22885400,216.36,214.45,222.11,217.36,222.15,222.15,down
2018-10-18,217.86,219.74,213.0,216.02,212.72,32581300,214.45,222.11,217.36,222.15,221.19,221.19,down
2018-10-19,218.06,221.26,217.43,219.31,215.96,33078700,222.11,217.36,222.15,221.19,216.02,216.02,up
2018-10-22,219.79,223.36,218.94,220.65,217.28,28792100,217.36,222.15,221.19,216.02,219.31,219.31,up
2018-10-23,215.83,223.25,214.7,222.73,219.33,38767800,222.15,221.19,216.02,219.31,220.65,220.65,up
2018-10-24,222.6,224.23,214.54,215.09,211.8,40925500,221.19,216.02,219.31,220.65,222.73,222.73,down
2018-10-25,217.71,221.38,216.75,219.8,216.44,29855800,216.02,219.31,220.65,222.73,215.09,215.09,up
2018-10-26,215.9,220.19,212.67,216.3,212.99,47258400,219.31,220.65,222.73,215.09,219.8,219.8,down
2018-10-29,219.19,219.69,206.09,212.24,209.0,45935500,220.65,222.73,215.09,219.8,216.3,216.3,down
2018-10-30,211.15,215.18,209.27,213.3,210.04,36660000,222.73,215.09,219.8,216.3,212.24,212.24,up
2018-10-31,216.88,220.45,216.62,218.86,215.52,38358900,215.09,219.8,216.3,212.24,213.3,213.3,up
2018-11-01,219.05,222.36,216.81,222.22,218.82,58323200,219.8,216.3,212.24,213.3,218.86,218.86,up
2018-11-02,209.55,213.65,205.43,207.48,204.31,91328700,216.3,212.24,213.3,218.86,222.22,222.22,down
2018-11-05,204.3,204.39,198.17,201.59,198.51,66163700,212.24,213.3,218.86,222.22,207.48,207.48,down
2018-11-06,201.92,204.72,201.69,203.77,200.66,31882900,213.3,218.86,222.22,207.48,201.59,201.59,up
2018-11-07,205.97,210.06,204.13,209.95,206.74,33424400,218.86,222.22,207.48,201.59,203.77,203.77,up
2018-11-08,209.98,210.12,206.75,208.49,206.02,25362600,222.22,207.48,201.59,203.77,209.95,209.95,down
2018-11-09,205.55,206.01,202.25,204.47,202.05,34365800,207.48,201.59,203.77,209.95,208.49,208.49,down
2018-11-12,199.0,199.85,193.79,194.17,191.87,51135500,201.59,203.77,209.95,208.49,204.47,204.47,down
2018-11-13,191.63,197.18,191.45,192.23,189.95,46882900,203.77,209.95,208.49,204.47,194.17,194.17,down
2018-11-14,193.9,194.48,185.93,186.8,184.59,60801000,209.95,208.49,204.47,194.17,192.23,192.23,down
2018-11-15,188.39,191.97,186.9,191.41,189.14,46478800,208.49,204.47,194.17,192.23,186.8,186.8,up
2018-11-16,190.5,194.97,189.46,193.53,191.24,36928300,204.47,194.17,192.23,186.8,191.41,191.41,up
2018-11-19,190.0,190.7,184.99,185.86,183.66,41925300,194.17,192.23,186.8,191.41,193.53,193.53,down
2018-11-20,178.37,181.47,175.51,176.98,174.88,67825200,192.23,186.8,191.41,193.53,185.86,185.86,down
2018-11-21,179.73,180.27,176.55,176.78,174.69,31124200,186.8,191.41,193.53,185.86,176.98,176.98,down
2018-11-23,174.94,176.6,172.1,172.29,170.25,23624000,191.41,193.53,185.86,176.98,176.78,176.78,down
2018-11-26,174.24,174.95,170.26,174.62,172.55,44998500,193.53,185.86,176.98,176.78,172.29,172.29,up
2018-11-27,171.51,174.77,170.88,174.24,172.18,41387400,185.86,176.98,176.78,172.29,174.62,174.62,down
2018-11-28,176.73,181.29,174.93,180.94,178.8,46062500,176.98,176.78,172.29,174.62,174.24,174.24,up
2018-11-29,182.66,182.8,177.7,179.55,177.42,41770000,176.78,172.29,174.62,174.24,180.94,180.94,down
2018-11-30,180.29,180.33,177.03,178.58,176.46,39531500,172.29,174.62,174.24,180.94,179.55,179.55,down
2018-12-03,184.46,184.94,181.21,184.82,182.63,40802500,174.62,174.24,180.94,179.55,178.58,178.58,up
2018-12-04,180.95,182.39,176.27,176.69,174.6,41344300,174.24,180.94,179.55,178.58,184.82,184.82,down
2018-12-06,171.76,174.78,170.42,174.72,172.65,43098400,180.94,179.55,178.58,184.82,176.69,176.69,down
2018-12-07,173.49,174.49,168.3,168.49,166.49,42281600,179.55,178.58,184.82,176.69,174.72,174.72,down
2018-12-10,165.0,170.09,163.33,169.6,167.59,62026000,178.58,184.82,176.69,174.72,168.49,168.49,up
2018-12-11,171.66,171.79,167.0,168.63,166.63,47281700,184.82,176.69,174.72,168.49,169.6,169.6,down
2018-12-12,170.4,171.92,169.02,169.1,167.1,35627700,176.69,174.72,168.49,169.6,168.63,168.63,up
2018-12-13,170.49,172.57,169.55,170.95,168.93,31898600,174.72,168.49,169.6,168.63,169.1,169.1,up
2018-12-14,169.0,169.08,165.28,165.48,163.52,40703700,168.49,169.6,168.63,169.1,170.95,170.95,down
2018-12-17,165.45,168.35,162.73,163.94,162.0,44287900,169.6,168.63,169.1,170.95,165.48,165.48,down
2018-12-18,165.38,167.53,164.39,166.07,164.1,33841500,168.63,169.1,170.95,165.48,163.94,163.94,up
2018-12-19,166.0,167.45,159.09,160.89,158.98,49047300,169.1,170.95,165.48,163.94,166.07,166.07,down
2018-12-20,160.4,162.11,155.3,156.83,154.97,64773000,170.95,165.48,163.94,166.07,160.89,160.89,down
2018-12-21,156.86,158.16,149.63,150.73,148.94,95744600,165.48,163.94,166.07,160.89,156.83,156.83,down
2018-12-24,148.15,151.55,146.59,146.83,145.09,37169200,163.94,166.07,160.89,156.83,150.73,150.73,down
2018-12-26,148.3,157.23,146.72,157.17,155.31,58582500,166.07,160.89,156.83,150.73,146.83,146.83,up
2018-12-27,155.84,156.77,150.07,156.15,154.3,53117100,160.89,156.83,150.73,146.83,157.17,157.17,down
2018-12-28,157.5,158.52,154.55,156.23,154.38,42291400,156.83,150.73,146.83,157.17,156.15,156.15,up
2018-12-31,158.53,159.36,156.48,157.74,155.87,35003500,150.73,146.83,157.17,156.15,156.23,156.23,up
2019-01-02,154.89,158.85,154.23,157.92,156.05,37039700,146.83,157.17,156.15,156.23,157.74,157.74,up
2019-01-03,143.98,145.72,142.0,142.19,140.51,91312200,157.17,156.15,156.23,157.74,157.92,157.92,down
2019-01-04,144.53,148.55,143.8,148.26,146.5,58607100,156.15,156.23,157.74,157.92,142.19,142.19,up
2019-01-07,148.7,148.83,145.9,147.93,146.18,54777800,156.23,157.74,157.92,142.19,148.26,148.26,down
2019-01-08,149.56,151.82,148.52,150.75,148.96,41025300,157.74,157.92,142.19,148.26,147.93,147.93,up
2019-01-09,151.29,154.53,149.63,153.31,151.49,45099100,157.92,142.19,148.26,147.93,150.75,150.75,up
2019-01-10,152.5,153.97,150.86,153.8,151.98,35780700,142.19,148.26,147.93,150.75,153.31,153.31,up
2019-01-11,152.88,153.7,151.51,152.29,150.49,27023200,148.26,147.93,150.75,153.31,153.8,153.8,down
2019-01-14,150.85,151.27,149.22,150.0,148.22,32439200,147.93,150.75,153.31,153.8,152.29,152.29,down
2019-01-15,150.27,153.39,150.05,153.07,151.26,28710900,150.75,153.31,153.8,152.29,150.0,150.0,up
2019-01-16,153.08,155.88,153.0,154.94,153.1,30569700,153.31,153.8,152.29,150.0,153.07,153.07,up
2019-01-17,154.2,157.66,153.26,155.86,154.01,29821200,153.8,152.29,150.0,153.07,154.94,154.94,up
2019-01-18,157.5,157.88,155.98,156.82,154.96,33751000,152.29,150.0,153.07,154.94,155.86,155.86,up
2019-01-22,156.41,156.73,152.62,153.3,151.48,30394000,150.0,153.07,154.94,155.86,156.82,156.82,down
2019-01-23,154.15,155.14,151.7,153.92,152.1,23130600,153.07,154.94,155.86,156.82,153.3,153.3,up
2019-01-24,154.11,154.48,151.74,152.7,150.89,25441500,154.94,155.86,156.82,153.3,153.92,153.92,down
2019-01-25,155.48,158.13,154.32,157.76,155.89,33535500,155.86,156.82,153.3,153.92,152.7,152.7,up
2019-01-28,155.79,156.33,153.66,156.3,154.45,26192100,156.82,153.3,153.92,152.7,157.76,157.76,down
2019-01-29,156.25,158.13,154.11,154.68,152.85,41587200,153.3,153.92,152.7,157.76,156.3,156.3,down
2019-01-30,163.25,166.15,160.23,165.25,163.29,61109800,153.92,152.7,157.76,156.3,154.68,154.68,up
2019-01-31,166.11,169.0,164.56,166.44,164.47,40739600,152.7,157.76,156.3,154.68,165.25,165.25,up
2019-02-01,166.96,168.98,165.93,166.52,164.55,32668100,157.76,156.3,154.68,165.25,166.44,166.44,up
2019-02-04,167.41,171.66,167.28,171.25,169.22,31495500,156.3,154.68,165.25,166.44,166.52,166.52,up
2019-02-05,172.86,175.08,172.35,174.18,172.12,36101600,154.68,165.25,166.44,166.52,171.25,171.25,up
2019-02-06,174.65,175.57,172.85,174.24,172.18,28239600,165.25,166.44,166.52,171.25,174.18,174.18,up
2019-02-07,172.4,173.94,170.34,170.94,168.92,31741700,166.44,166.52,171.25,174.18,174.24,174.24,down
2019-02-08,168.99,170.66,168.42,170.41,169.11,23820000,166.52,171.25,174.18,174.24,170.94,170.94,down
2019-02-11,171.05,171.21,169.25,169.43,168.14,20993400,171.25,174.18,174.24,170.94,170.41,170.41,down
2019-02-12,170.1,171.0,169.7,170.89,169.59,22283500,174.18,174.24,170.94,170.41,169.43,169.43,up
2019-02-13,171.39,172.48,169.92,170.18,168.89,22490200,174.24,170.94,170.41,169.43,170.89,170.89,down
2019-02-14,169.71,171.26,169.38,170.8,169.5,21835700,170.94,170.41,169.43,170.89,170.18,170.18,up
2019-02-15,171.25,171.7,169.75,170.42,169.12,24626800,170.41,169.43,170.89,170.18,170.8,170.8,down
2019-02-19,169.71,171.44,169.49,170.93,169.63,18972800,169.43,170.89,170.18,170.8,170.42,170.42,up
2019-02-20,171.19,173.32,170.99,172.03,170.72,26114400,170.89,170.18,170.8,170.42,170.93,170.93,up
2019-02-21,171.8,172.37,170.3,171.06,169.76,17249700,170.18,170.8,170.42,170.93,172.03,172.03,down
2019-02-22,171.58,173.0,171.38,172.97,171.65,18913200,170.8,170.42,170.93,172.03,171.06,171.06,up
2019-02-25,174.16,175.87,173.95,174.23,172.9,21873400,170.42,170.93,172.03,171.06,172.97,172.97,up
2019-02-26,173.71,175.3,173.17,174.33,173.0,17070200,170.93,172.03,171.06,172.97,174.23,174.23,up
2019-02-27,173.21,175.0,172.73,174.87,173.54,27835400,172.03,171.06,172.97,174.23,174.33,174.33,up
2019-02-28,174.32,174.91,172.92,173.15,171.83,28215400,171.06,172.97,174.23,174.33,174.87,174.87,down
2019-03-01,174.28,175.15,172.89,174.97,173.64,25886200,172.97,174.23,174.33,174.87,173.15,173.15,up
2019-03-04,175.69,177.75,173.97,175.85,174.51,27436200,174.23,174.33,174.87,173.15,174.97,174.97,up
2019-03-05,175.94,176.0,174.54,175.53,174.19,19737400,174.33,174.87,173.15,174.97,175.85,175.85,down
2019-03-06,174.67,175.49,173.94,174.52,173.19,20810400,174.87,173.15,174.97,175.85,175.53,175.53,down
2019-03-07,173.87,174.44,172.02,172.5,171.19,24796400,173.15,174.97,175.85,175.53,174.52,174.52,down
2019-03-08,170.32,173.07,169.5,172.91,171.59,23999400,174.97,175.85,175.53,174.52,172.5,172.5,up
2019-03-11,175.49,179.12,175.35,178.9,177.54,32011000,175.85,175.53,174.52,172.5,172.91,172.91,up
2019-03-12,180.0,182.67,179.37,180.91,179.53,32467600,175.53,174.52,172.5,172.91,178.9,178.9,up
2019-03-13,182.25,183.3,180.92,181.71,180.33,31032500,174.52,172.5,172.91,178.9,180.91,180.91,up
2019-03-14,183.9,184.1,182.56,183.73,182.33,23579500,172.5,172.91,178.9,180.91,181.71,181.71,up
2019-03-15,184.85,187.33,183.74,186.12,184.7,39042900,172.91,178.9,180.91,181.71,183.73,183.73,up
2019-03-18,185.8,188.39,185.79,188.02,186.59,26219800,178.9,180.91,181.71,183.73,186.12,186.12,up
2019-03-19,188.35,188.99,185.92,186.53,185.11,31646400,180.91,181.71,183.73,186.12,188.02,188.02,down
2019-03-20,186.23,189.49,184.73,188.16,186.73,31035200,181.71,183.73,186.12,188.02,186.53,186.53,up
2019-03-21,190.02,196.33,189.81,195.09,193.61,51034200,183.73,186.12,188.02,186.53,188.16,188.16,up
2019-03-22,195.34,197.69,190.78,191.05,189.6,42407700,186.12,188.02,186.53,188.16,195.09,195.09,down
2019-03-25,191.51,191.98,186.6,188.74,187.3,43845300,188.02,186.53,188.16,195.09,191.05,191.05,down
2019-03-26,191.66,192.88,184.58,186.79,185.37,49800500,186.53,188.16,195.09,191.05,188.74,188.74,down
2019-03-27,188.75,189.76,186.55,188.47,187.04,29848400,188.16,195.09,191.05,188.74,186.79,186.79,up
2019-03-28,188.95,189.56,187.53,188.72,187.28,20780400,195.09,191.05,188.74,186.79,188.47,188.47,up
2019-03-29,189.83,190.08,188.54,189.95,188.51,23564000,191.05,188.74,186.79,188.47,188.72,188.72,up
2019-04-01,191.64,191.68,188.38,191.24,189.79,27862000,188.74,186.79,188.47,188.72,189.95,189.95,up
2019-04-02,191.09,194.46,191.05,194.02,192.54,22765700,186.79,188.47,188.72,189.95,191.24,191.24,up
2019-04-03,193.25,196.5,193.15,195.35,193.86,23271800,188.47,188.72,189.95,191.24,194.02,194.02,up
2019-04-04,194.79,196.37,193.14,195.69,194.2,19114300,188.72,189.95,191.24,194.02,195.35,195.35,up
2019-04-05,196.45,197.1,195.93,197.0,195.5,18526600,189.95,191.24,194.02,195.35,195.69,195.69,up
2019-04-08,196.42,200.23,196.34,200.1,198.58,25881700,191.24,194.02,195.35,195.69,197.0,197.0,up
2019-04-09,200.32,202.85,199.23,199.5,197.98,35768200,194.02,195.35,195.69,197.0,200.1,200.1,down
2019-04-10,198.68,200.74,198.18,200.62,199.09,21695300,195.35,195.69,197.0,200.1,199.5,199.5,up
2019-04-11,200.85,201.0,198.44,198.95,197.44,20900800,195.69,197.0,200.1,199.5,200.62,200.62,down
2019-04-12,199.2,200.14,196.21,198.87,197.36,27760700,197.0,200.1,199.5,200.62,198.95,198.95,down
2019-04-15,198.58,199.85,198.01,199.23,197.71,17536600,200.1,199.5,200.62,198.95,198.87,198.87,up
2019-04-16,199.46,201.37,198.56,199.25,197.73,25696400,199.5,200.62,198.95,198.87,199.23,199.23,up
2019-04-17,199.54,203.38,198.61,203.13,201.58,28906800,200.62,198.95,198.87,199.23,199.25,199.25,up
2019-04-18,203.12,204.15,202.52,203.86,202.31,24195800,198.95,198.87,199.23,199.25,203.13,203.13,up
2019-04-22,202.83,204.94,202.34,204.53,202.97,19439500,198.87,199.23,199.25,203.13,203.86,203.86,up
2019-04-23,204.43,207.75,203.9,207.48,205.9,23323000,199.23,199.25,203.13,203.86,204.53,204.53,up
2019-04-24,207.36,208.48,207.05,207.16,205.58,17540600,199.25,203.13,203.86,204.53,207.48,207.48,down
2019-04-25,206.83,207.76,205.12,205.28,203.72,18543200,203.13,203.86,204.53,207.48,207.16,207.16,down
2019-04-26,204.9,205.0,202.12,204.3,202.75,18649100,203.86,204.53,207.48,207.16,205.28,205.28,down
2019-04-29,204.4,205.97,203.86,204.61,203.05,22204700,204.53,207.48,207.16,205.28,204.3,204.3,up
2019-04-30,203.06,203.4,199.11,200.67,199.14,46534900,207.48,207.16,205.28,204.3,204.61,204.61,down
2019-05-01,209.88,215.31,209.23,210.52,208.92,64827300,207.16,205.28,204.3,204.61,200.67,200.67,up
2019-05-02,209.84,212.65,208.13,209.15,207.56,31996300,205.28,204.3,204.61,200.67,210.52,210.52,down
2019-05-03,210.89,211.84,210.23,211.75,210.14,20892400,204.3,204.61,200.67,210.52,209.15,209.15,up
2019-05-06,204.29,208.84,203.5,208.48,206.89,32443100,204.61,200.67,210.52,209.15,211.75,211.75,down
2019-05-07,205.88,207.42,200.83,202.86,201.32,38763700,200.67,210.52,209.15,211.75,208.48,208.48,down
2019-05-08,201.9,205.34,201.75,202.9,201.36,26339500,210.52,209.15,211.75,208.48,202.86,202.86,up
2019-05-09,200.4,201.68,196.66,200.72,199.19,34908600,209.15,211.75,208.48,202.86,202.9,202.9,down
2019-05-10,197.42,198.85,192.77,197.18,196.43,41208700,211.75,208.48,202.86,202.9,200.72,200.72,down
2019-05-13,187.71,189.48,182.85,185.72,185.02,57430600,208.48,202.86,202.9,200.72,197.18,197.18,down
2019-05-14,186.41,189.7,185.41,188.66,187.95,36529700,202.86,202.9,200.72,197.18,185.72,185.72,up
2019-05-15,186.27,191.75,186.02,190.92,190.2,26544700,202.9,200.72,197.18,185.72,188.66,188.66,up
2019-05-16,189.91,192.47,188.84,190.08,189.36,33031400,200.72,197.18,185.72,188.66,190.92,190.92,down
2019-05-17,186.93,190.9,186.76,189.0,188.28,32879100,197.18,185.72,188.66,190.92,190.08,190.08,down
2019-05-20,183.52,184.35,180.28,183.09,182.4,38612300,185.72,188.66,190.92,190.08,189.0,189.0,down
2019-05-21,185.22,188.0,184.7,186.6,185.89,28364800,188.66,190.92,190.08,189.0,183.09,183.09,up
2019-05-22,184.66,185.71,182.55,182.78,182.09,29748600,190.92,190.08,189.0,183.09,186.6,186.6,down
2019-05-23,179.8,180.54,177.81,179.66,178.98,36529700,190.08,189.0,183.09,186.6,182.78,182.78,down
2019-05-24,180.2,182.14,178.62,178.97,178.29,23714700,189.0,183.09,186.6,182.78,179.66,179.66,down
2019-05-28,178.92,180.59,177.91,178.23,177.56,27948200,183.09,186.6,182.78,179.66,178.97,178.97,down
2019-05-29,176.42,179.35,176.0,177.38,176.71,28481200,186.6,182.78,179.66,178.97,178.23,178.23,down
2019-05-30,177.95,179.23,176.67,178.3,177.63,21218400,182.78,179.66,178.97,178.23,177.38,177.38,up
2019-05-31,176.23,177.99,174.99,175.07,174.41,27043600,179.66,178.97,178.23,177.38,178.3,178.3,down
2019-06-03,175.6,177.92,170.27,173.3,172.64,40396100,178.97,178.23,177.38,178.3,175.07,175.07,down
2019-06-04,175.44,179.83,174.52,179.64,178.96,30968000,178.23,177.38,178.3,175.07,173.3,173.3,up
2019-06-05,184.28,184.99,181.14,182.54,181.85,29773400,177.38,178.3,175.07,173.3,179.64,179.64,up
2019-06-06,183.08,185.47,182.15,185.22,184.52,22526300,178.3,175.07,173.3,179.64,182.54,182.54,up
2019-06-07,186.51,191.92,185.77,190.15,189.43,30684400,175.07,173.3,179.64,182.54,185.22,185.22,up
2019-06-10,191.81,195.37,191.62,192.58,191.85,26220900,173.3,179.64,182.54,185.22,190.15,190.15,up
2019-06-11,194.86,196.0,193.6,194.81,194.07,26932900,179.64,182.54,185.22,190.15,192.58,192.58,up
2019-06-12,193.95,195.97,193.39,194.19,193.45,18253200,182.54,185.22,190.15,192.58,194.81,194.81,down
2019-06-13,194.7,196.79,193.6,194.15,193.42,21674600,185.22,190.15,192.58,194.81,194.19,194.19,down
2019-06-14,191.55,193.59,190.3,192.74,192.01,18761500,190.15,192.58,194.81,194.19,194.15,194.15,down
2019-06-17,192.9,194.96,192.17,193.89,193.16,14669100,192.58,194.81,194.19,194.15,192.74,192.74,up
2019-06-18,196.05,200.29,195.21,198.45,197.7,26551000,194.81,194.19,194.15,192.74,193.89,193.89,up
2019-06-19,199.68,199.88,197.31,197.87,197.12,21124200,194.19,194.15,192.74,193.89,198.45,198.45,down
2019-06-20,200.37,200.61,198.03,199.46,198.71,21514000,194.15,192.74,193.89,198.45,197.87,197.87,up
2019-06-21,198.8,200.85,198.15,198.78,198.03,47800600,192.74,193.89,198.45,197.87,199.46,199.46,down
2019-06-24,198.54,200.16,198.17,198.58,197.83,18220400,193.89,198.45,197.87,199.46,198.78,198.78,down
2019-06-25,198.43,199.26,195.29,195.57,194.83,21070300,198.45,197.87,199.46,198.78,198.58,198.58,down
2019-06-26,197.77,200.99,197.35,199.8,199.04,26067500,197.87,199.46,198.78,198.58,195.57,195.57,up
2019-06-27,200.29,201.57,199.57,199.74,198.98,20899700,199.46,198.78,198.58,195.57,199.8,199.8,down
2019-06-28,198.68,199.5,197.05,197.92,197.17,31110600,198.78,198.58,195.57,199.8,199.74,199.74,down
2019-07-01,203.17,204.49,200.65,201.55,200.79,27253000,198.58,195.57,199.8,199.74,197.92,197.92,up
2019-07-02,201.41,203.13,201.36,202.73,201.96,16935200,195.57,199.8,199.74,197.92,201.55,201.55,up
2019-07-03,203.28,204.44,202.69,204.41,203.64,11362000,199.8,199.74,197.92,201.55,202.73,202.73,up
2019-07-05,203.35,205.08,202.9,204.23,203.46,17265500,199.74,197.92,201.55,202.73,204.41,204.41,down
2019-07-08,200.81,201.4,198.41,200.02,199.26,25338600,197.92,201.55,202.73,204.41,204.23,204.23,down
2019-07-09,199.2,201.51,198.81,201.24,200.48,20578000,201.55,202.73,204.41,204.23,200.02,200.02,up
2019-07-10,201.85,203.73,201.56,203.23,202.46,17897100,202.73,204.41,204.23,200.02,201.24,201.24,up
2019-07-11,203.31,204.39,201.71,201.75,200.99,20191800,204.41,204.23,200.02,201.24,203.23,203.23,down
2019-07-12,202.45,204.0,202.2,203.3,202.53,17595200,204.23,200.02,201.24,203.23,201.75,201.75,up
2019-07-15,204.09,205.87,204.0,205.21,204.43,16947400,200.02,201.24,203.23,201.75,203.3,203.3,up
2019-07-16,204.59,206.11,203.5,204.5,203.73,16866800,201.24,203.23,201.75,203.3,205.21,205.21,down
2019-07-17,204.05,205.09,203.27,203.35,202.58,14107500,203.23,201.75,203.3,205.21,204.5,204.5,down
2019-07-18,204.0,205.88,203.7,205.66,204.88,18540600,201.75,203.3,205.21,204.5,203.35,203.35,up
2019-07-19,205.79,206.5,202.36,202.59,201.82,20929300,203.3,205.21,204.5,203.35,205.66,205.66,down
2019-07-22,203.65,207.23,203.61,207.22,206.44,22277900,205.21,204.5,203.35,205.66,202.59,202.59,up
2019-07-23,208.46,208.91,207.29,208.84,208.05,18355200,204.5,203.35,205.66,202.59,207.22,207.22,up
2019-07-24,207.67,209.15,207.17,208.67,207.88,14991600,203.35,205.66,202.59,207.22,208.84,208.84,down
2019-07-25,208.89,209.24,206.73,207.02,206.24,13909600,205.66,202.59,207.22,208.84,208.67,208.67,down
2019-07-26,207.48,209.73,207.14,207.74,206.95,17618900,202.59,207.22,208.84,208.67,207.02,207.02,up
2019-07-29,208.46,210.64,208.44,209.68,208.89,21673400,207.22,208.84,208.67,207.02,207.74,207.74,up
2019-07-30,208.76,210.16,207.31,208.78,207.99,33935700,208.84,208.67,207.02,207.74,209.68,209.68,down
2019-07-31,216.42,221.37,211.3,213.04,212.23,69281400,208.67,207.02,207.74,209.68,208.78,208.78,up
2019-08-01,213.9,218.03,206.74,208.43,207.64,54017900,207.02,207.74,209.68,208.78,213.04,213.04,down
2019-08-02,205.53,206.43,201.63,204.02,203.25,40862100,207.74,209.68,208.78,213.04,208.43,208.43,down
2019-08-05,197.99,198.65,192.58,193.34,192.61,52393000,209.68,208.78,213.04,208.43,204.02,204.02,down
2019-08-06,196.31,198.07,194.04,197.0,196.25,35824800,208.78,213.04,208.43,204.02,193.34,193.34,up
2019-08-07,195.41,199.56,193.82,199.04,198.29,33364400,213.04,208.43,204.02,193.34,197.0,197.0,up
2019-08-08,200.2,203.53,199.39,203.43,202.66,27009500,208.43,204.02,193.34,197.0,199.04,199.04,up
2019-08-09,201.3,202.76,199.29,200.99,200.99,24619700,204.02,193.34,197.0,199.04,203.43,203.43,down
2019-08-12,199.62,202.05,199.15,200.48,200.48,22481900,193.34,197.0,199.04,203.43,200.99,200.99,down
2019-08-13,201.02,212.14,200.48,208.97,208.97,47218500,197.0,199.04,203.43,200.99,200.48,200.48,up
2019-08-14,203.16,206.44,202.59,202.75,202.75,36547400,199.04,203.43,200.99,200.48,208.97,208.97,down
2019-08-15,203.46,205.14,199.67,201.74,201.74,27227400,203.43,200.99,200.48,208.97,202.75,202.75,down
2019-08-16,204.28,207.16,203.84,206.5,206.5,27620400,200.99,200.48,208.97,202.75,201.74,201.74,up
2019-08-19,210.62,212.73,210.03,210.35,210.35,24413600,200.48,208.97,202.75,201.74,206.5,206.5,up
2019-08-20,210.88,213.35,210.32,210.36,210.36,26884300,208.97,202.75,201.74,206.5,210.35,210.35,up
2019-08-21,212.99,213.65,211.6,212.64,212.64,21535400,202.75,201.74,206.5,210.35,210.36,210.36,up
2019-08-22,213.19,214.44,210.75,212.46,212.46,22253700,201.74,206.5,210.35,210.36,212.64,212.64,down
2019-08-23,209.43,212.05,201.0,202.64,202.64,46818000,206.5,210.35,210.36,212.64,212.46,212.46,down
2019-08-26,205.86,207.19,205.06,206.49,206.49,26043600,210.35,210.36,212.64,212.46,202.64,202.64,up
2019-08-27,207.86,208.55,203.53,204.16,204.16,25873300,210.36,212.64,212.46,202.64,206.49,206.49,down
2019-08-28,204.1,205.72,203.32,205.53,205.53,15938800,212.64,212.46,202.64,206.49,204.16,204.16,up
2019-08-29,208.5,209.32,206.66,209.01,209.01,20990500,212.46,202.64,206.49,204.16,205.53,205.53,up
2019-08-30,210.16,210.45,207.2,208.74,208.74,21143400,202.64,206.49,204.16,205.53,209.01,209.01,down
2019-09-03,206.43,206.98,204.22,205.7,205.7,20023000,206.49,204.16,205.53,209.01,208.74,208.74,down
2019-09-04,208.39,209.48,207.32,209.19,209.19,19188100,204.16,205.53,209.01,208.74,205.7,205.7,up
2019-09-05,212.0,213.97,211.51,213.28,213.28,23913700,205.53,209.01,208.74,205.7,209.19,209.19,up
2019-09-06,214.05,214.42,212.51,213.26,213.26,19362300,209.01,208.74,205.7,209.19,213.28,213.28,down
2019-09-09,214.84,216.44,211.07,214.17,214.17,27309400,208.74,205.7,209.19,213.28,213.26,213.26,up
2019-09-10,213.86,216.78,211.71,216.7,216.7,31777900,205.7,209.19,213.28,213.26,214.17,214.17,up
2019-09-11,218.07,223.71,217.73,223.59,223.59,44289600,209.19,213.28,213.26,214.17,216.7,216.7,up
2019-09-12,224.8,226.42,222.86,223.09,223.09,32226700,213.28,213.26,214.17,216.7,223.59,223.59,down
2019-09-13,220.0,220.79,217.02,218.75,218.75,39763300,213.26,214.17,216.7,223.59,223.09,223.09,down
2019-09-16,217.73,220.13,217.56,219.9,219.9,21158100,214.17,216.7,223.59,223.09,218.75,218.75,up
2019-09-17,219.96,220.82,219.12,220.7,220.7,18318700,216.7,223.59,223.09,218.75,219.9,219.9,up
2019-09-18,221.06,222.85,219.44,222.77,222.77,25340000,223.59,223.09,218.75,219.9,220.7,220.7,up
2019-09-19,222.01,223.76,220.37,220.96,220.96,22060600,223.09,218.75,219.9,220.7,222.77,222.77,down
2019-09-20,221.38,222.56,217.47,217.73,217.73,55413100,218.75,219.9,220.7,222.77,220.96,220.96,down
2019-09-23,218.95,219.84,217.65,218.72,218.72,19165500,219.9,220.7,222.77,220.96,217.73,217.73,up
2019-09-24,221.03,222.49,217.19,217.68,217.68,31190800,220.7,222.77,220.96,217.73,218.72,218.72,down
2019-09-25,218.55,221.5,217.14,221.03,221.03,21903400,222.77,220.96,217.73,218.72,217.68,217.68,up
2019-09-26,220.0,220.94,218.83,219.89,219.89,18833500,220.96,217.73,218.72,217.68,221.03,221.03,down
2019-09-27,220.54,220.96,217.28,218.82,218.82,25352000,217.73,218.72,217.68,221.03,219.89,219.89,down
